"","Preço_do_Produto","Unidades_Vendidas","Média_da_Nota_do_Produto","Quantidade_de_Avaliações","Preço_de_Varejo","Média_de_Nota_do_Vendedor","Quantidade_de_Avaliações_do_Vendedor"
"1",16,100,3.76,54,14,4.12852112676056,568
"2",8,20000,3.45,6135,22,3.89967327625056,17752
"3",8,100,3.57,14,43,3.98983050847458,295
"4",8,5000,4.03,579,8,4.02043470963411,23832
"5",2.72,100,3.1,20,3,4.00158817842839,14482
"6",3.92,10,5,1,9,3.50769230769231,65
"7",7,50000,3.84,6742,6,4.07651559741024,10194
"8",12,1000,3.76,286,11,3.6812865497076,342
"9",11,100,3.47,15,84,3.8030303030303,330
"10",5.78,5000,3.6,687,22,3.99981929887965,5534
"11",5.79,1000,3.46,613,5,3.95681098204857,9470
"12",6,100,3.31,13,8,3.98378378378378,3515
"13",1.91,1000,3.45,141,6,4.12387791741472,557
"14",5.79,1000,3.32,121,42,3.94747196537478,5083
"15",2,20000,3.65,2457,2,4.13888538532226,55499
"16",11,1000,3.92,426,81,4.06632640105635,39381
"17",11,10000,3.72,2058,10,3.95842589654078,6302
"18",5,100000,3.83,17980,25,3.93358137664035,139223
"19",9,20000,3.82,5479,9,4.08162433790574,22089
"20",7,1000,3.67,214,7,4.06236080178174,3592
"21",11,5000,3.84,1183,10,4.25659706044305,23609
"22",5,20000,3.6,3552,6,3.9813366374971,12913
"23",11,1000,3.38,72,26,4.23184233835252,4516
"24",7,5000,3.67,510,6,4.2646585018278,96838
"25",5.71,1000,3.75,678,5,4.00669222029391,80093
"26",9,1000,4.15,567,32,4.11005854177754,9395
"27",9,1000,4.03,216,9,4.22940902745463,4298
"28",5.65,20000,4.29,2996,5,4.01748772683975,40943
"29",1.74,100,4.25,12,2,3.83151394861616,18138
"30",5.65,1000,4.06,301,6,4.06027864657378,7034
"31",14,100,4.06,31,76,3.96826880024918,51369
"32",5.65,1000,4.37,217,6,4.0659053906372,44837
"33",8,1000,3.81,443,7,3.87080924855491,3460
"34",2.66,5000,3.44,1136,3,4.30636280618823,223392
"35",9,10000,3.8,1231,8,3.86754716981132,10600
"36",11,1000,4.16,274,10,4.00014341029686,13946
"37",8,100,2.75,8,17,4.02536420666514,47981
"38",14,5000,4.06,643,12,4.00669222029391,80093
"39",5.8,100,3.83,6,8,3.92085299563945,16741
"40",13,1000,4.16,138,13,3.9813366374971,12913
"41",9,50000,4.26,5359,81,4.10505422480489,59198
"42",7,10,1.5,2,68,3.85894206549118,397
"43",12,100,3.79,24,14,4.02040816326531,196
"44",3.69,100,3.53,59,40,4.3648438215627,10917
"45",5,10000,3.82,3208,5,4.15139530585844,27055
"46",5.84,100,3.28,36,56,4.01748772683975,40943
"47",16,10,3,3,14,3.54838709677419,31
"48",13,1000,4.03,855,50,4.08570490367776,9136
"49",9,10000,3.18,1783,8,3.90853542104258,10474
"50",7,100,3.8,61,6,4.21638599783678,139607
"51",11,100,3.43,14,20,4.17467948717949,3120
"52",5.84,1000,4.19,307,11,4.17278596896984,10377
"53",1,1000,3.8,5,11,3.85811882395999,8197
"54",11,1000,3.38,37,60,3.9601706970128,703
"55",9,5000,4.03,889,8,4.10884906013864,16013
"56",6,1000,3.5,938,56,3.87669997745886,13309
"57",1,100,3.56,52,10,3.83793694273772,91631
"58",9,5000,4.06,743,8,3.99937140370388,20681
"59",6,100,4,8,6,3.8740157480315,127
"60",11,1000,4.13,211,68,4.21522807622661,11597
"61",7,50,4,4,6,4.35294117647059,34
"62",5,50,5,2,38,3.66666666666667,9
"63",2.72,100,3.1,20,3,4.00158817842839,14482
"64",5.87,1000,3.91,209,11,4.39130434782609,6187
"65",11,5000,3.72,1008,10,4.26800226189514,61895
"66",8,100,2.71,7,10,3.89285714285714,224
"67",14,1000,3.81,187,67,4.15075630252101,11900
"68",2,100,3.47,32,9,4.16762767710049,4856
"69",8,10000,3.93,1670,7,4.13758177780445,66644
"70",5.79,1000,3.41,212,30,4.18984389872454,21012
"71",8,100,3.74,47,22,3.87676160733698,50593
"72",4.94,10000,3.93,1331,5,4.12148374348841,55670
"73",8,10000,3.82,2520,7,3.87200997619318,8821
"74",11,100,3.46,50,10,4.30112048545498,225438
"75",8,10,5,0,33,4.16978609625668,1496
"76",9,50,4.5,4,33,4.12028105275694,8397
"77",7,100,4.26,53,6,3.83795620437956,2055
"78",11,10000,4.24,1045,10,4.28967391304348,9200
"79",8,100,3.56,16,92,3.96806105144149,7076
"80",5.83,10000,4.22,2055,5,4.14695734747171,126370
"81",8,1000,3.42,373,7,3.96520423600605,1322
"82",5.77,100,4,4,5,3.91574032903513,8996
"83",5.9,10000,3.64,1933,5,3.95181741335587,2366
"84",6,100,3.08,13,20,3.93119596541787,2776
"85",7,50000,4.41,17444,6,4.14695734747171,126370
"86",8,10000,3.7,1404,7,3.93752991862135,4178
"87",12,1000,3.81,341,11,4.15035587188612,2248
"88",5.78,20000,4,3975,8,4.18413424866514,6555
"89",12,5000,3.94,387,17,3.97826086956522,1288
"90",11,20000,4.07,3070,10,3.9657006320333,12974
"91",8,100,4.29,31,51,3.83253506671228,5846
"92",11,100,3.46,50,10,4.30112048545498,225438
"93",5.77,100000,4.1,20744,48,4.06734764909732,330405
"94",9,20000,3.7,3820,8,4.06464312928626,15748
"95",1.72,100,3.77,30,2,3.88454364585924,32168
"96",1.86,100,3.57,42,9,3.94301876379691,7248
"97",14,100,4.54,13,92,4.18518518518519,54
"98",3.69,1000,3.64,212,4,4.03912764592688,1559
"99",5.79,1000,3.32,121,42,3.94747196537478,5083
"100",11,100,4.11,28,30,4.21046011948433,9541
"101",9,100,3.18,72,8,3.72916666666667,288
"102",6,10000,3.96,1338,8,3.80168428005284,54504
"103",20,100,2.8,15,17,3.29850746268657,67
"104",5.66,5000,3.89,1161,5,4.28559773576544,99283
"105",8,100,3.97,29,65,3.88284518828452,239
"106",8,1000,3.61,668,7,4.09855721883002,40616
"107",6,1000,3.82,134,6,3.84477611940299,670
"108",11,5000,3.96,1556,10,4.2527114967462,4610
"109",7,1000,4.2,107,6,3.94331983805668,247
"110",11,10000,3.77,1694,10,4.00014341029686,13946
"111",5.81,100,2.61,18,30,3.8947606995807,26473
"112",14,10000,3.93,2946,12,3.88553776857995,32858
"113",5,10,5,0,51,3.98983050847458,295
"114",5,100,4.3,10,5,4.16797851652931,10799
"115",11,1000,4.12,249,10,3.85193013683391,8989
"116",12,10,3.67,3,67,4.00840336134454,238
"117",5.68,10,4.5,2,5,4.5125,160
"118",11,100,4,12,10,4.01465201465201,546
"119",17,10000,4.16,3040,15,4.35261237481562,12881
"120",7,100,3.71,21,43,3.87816699713593,9078
"121",12,50,4.75,4,85,4.17543859649123,57
"122",7,100,5,2,6,3.97073070184479,9703
"123",7,50,3,2,33,4.00154626913012,25222
"124",11,1000,4.11,135,59,4.05718540580789,6715
"125",12,100,3.59,27,43,3.94840902069818,3237
"126",13,5000,3.61,127,51,3.946416144746,17244
"127",2.72,1,5,0,9,3.5978835978836,378
"128",6,20000,3.99,1600,6,4.10884906013864,16013
"129",9,100,4.03,30,56,3.71428571428571,49
"130",5,50,5,1,5,3.75,4
"131",5.86,1000,3.73,150,5,3.99301675977654,9308
"132",2,10000,3.99,980,2,4.04517020066618,12309
"133",7,5000,4.38,996,6,3.94679091563424,130598
"134",5.66,100,3.08,13,6,4.06901509705248,2782
"135",13,5000,4.11,792,17,3.910741632028,4571
"136",8,5000,3.6,1254,7,4.08089077364417,88193
"137",11,1000,3.78,299,10,3.89607390300231,433
"138",8,20000,4.05,8904,7,4.16809739347589,19221
"139",16,100,3.53,38,76,4.27205882352941,1088
"140",11,100,4.6,5,10,4.12299671255393,38936
"141",11,5000,3.72,1008,10,4.26800226189514,61895
"142",8,20000,4.16,6860,7,4.28361113655097,43676
"143",14,1000,4.04,481,12,3.8947606995807,26473
"144",7,100,3.6,25,6,4.15527950310559,483
"145",12,20000,3.89,2294,11,4.15366509189857,59903
"146",7,1000,3.49,49,50,4.01162790697674,1290
"147",2,100,3.07,28,56,3.69605411499436,4435
"148",6,100,3.11,27,16,3.87403290835785,9177
"149",8,1000,4.07,267,7,4.12568306010929,2745
"150",8,20000,3.96,8960,84,4.2049163480906,48654
"151",8,5000,4,32,25,4.12394301820675,13127
"152",11,1000,3.97,359,22,4.33074534161491,4508
"153",3.66,5000,3.19,1080,4,3.86754716981132,10600
"154",1.68,100,3.67,12,2,3.95606494746896,1047
"155",13,100,2.5,2,11,3.7741935483871,31
"156",13,1000,3.82,11,11,4.00669222029391,80093
"157",11,100,2.92,12,16,3.66666666666667,18
"158",7,1000,3.75,219,9,4.15272656071533,30643
"159",4.81,10000,4.16,3135,76,3.92887966129295,24564
"160",9,5000,4.29,761,8,4.15191613679326,5819
"161",18,100,3.68,177,115,4.15666666666667,300
"162",7,5000,3.63,601,6,4.02476522895371,12033
"163",16,10,3,3,14,3.54838709677419,31
"164",5,1000,3.06,31,8,3.99516737388025,8484
"165",1.68,1000,3.76,51,2,3.94246575342466,365
"166",7,100,3.81,21,6,3.77272727272727,44
"167",6,50,2.67,3,7,4.0589519650655,1374
"168",13,1000,3.76,151,19,3.94152046783626,171
"169",11,100,3.46,24,89,4.38569196276921,73595
"170",7,5000,3.29,1042,6,3.87080924855491,3460
"171",12,100,2,3,11,4.00113186191285,5301
"172",6,100,4.14,93,17,4.16693163751987,629
"173",6,5000,3.28,449,17,4.21627818112342,7851
"174",8,100,3.89,9,7,4.08089077364417,88193
"175",8,100,3.14,29,7,4.06741573033708,89
"176",11,1000,3.98,792,84,4.14102167182663,6460
"177",6,5000,4.04,548,22,3.96806105144149,7076
"178",11,1000,3.76,168,10,3.73553719008264,1452
"179",9,100,4.16,31,8,3.97455559428372,2869
"180",8,100,3.07,14,26,3.18604651162791,43
"181",3.78,1000,3.35,79,4,3.78960148550207,105015
"182",8,100,3.89,9,7,4.10111844517785,32724
"183",6,100,3.83,52,145,4.15949269792467,2602
"184",8,1000,3.96,288,17,3.90134529147982,892
"185",9,20000,4.09,4345,36,4.16834593630263,49327
"186",5.65,5000,4.06,998,5,4.25172145832884,92654
"187",3,100,3.4,15,3,3.89179104477612,268
"188",8,50,3.8,5,10,3.7906976744186,129
"189",5.74,1000,3.99,71,59,4.18158810503005,3161
"190",5,10,5,0,5,3.83720930232558,129
"191",8,20000,3.61,5641,7,4.03831969818999,70773
"192",3.67,10000,4.31,2072,4,4.39574693373334,11333
"193",7,1000,3.49,49,50,4.01162790697674,1290
"194",8,5000,3.69,894,7,4.27859146151449,3209
"195",11,1000,3.64,357,10,4.06632640105635,39381
"196",8,50,4,6,7,4.1598983455215,19281
"197",22,1000,3.38,542,169,4.14741462370196,9341
"198",8,10000,3.7,2441,7,4.06632640105635,39381
"199",19,1000,3.01,205,26,4.15966719492868,5048
"200",11,1000,3.67,215,10,4.06352545225074,2377
"201",6,1000,4.17,505,6,4.34879839786382,2996
"202",7,5000,4.16,1378,56,4.00154626913012,25222
"203",7,10000,3.84,1978,6,4.05502899985854,7069
"204",8,100,2.81,21,11,3.58064516129032,31
"205",14,100,3.61,72,26,4.08733920108328,7385
"206",6,100,3.67,27,6,4.04059511158342,4705
"207",11,5000,3.45,1045,12,3.94630872483221,1490
"208",6,5000,3.18,573,21,4.11386995013738,9827
"209",7,5000,4.02,556,47,3.93948159491804,35262
"210",6,10000,4.29,1741,76,4.18338719414752,28159
"211",7,10000,3.71,1792,16,3.90716803760282,1702
"212",9,1000,3.7,162,65,3.96471983397569,3373
"213",8,50,5,2,10,3.8740157480315,127
"214",11,100,3.61,18,84,3.8551724137931,435
"215",8,100000,3.76,11062,7,4.05250444247001,108048
"216",18,10000,4.17,3229,17,4.25052886068299,3309
"217",11,10,5,0,30,4.29512399982317,22621
"218",4.83,50,2,1,51,3.82456140350877,57
"219",8,100,4.57,7,7,3.81475409836066,610
"220",5.85,1000,3.16,602,13,3.89473684210526,25631
"221",11,100,3.96,25,10,4.27707808564232,794
"222",9,100,4.44,18,34,4.12490974729242,1385
"223",15,1000,3.91,646,101,4.16027406693293,29044
"224",5,1000,4.06,197,5,4.15823754789272,2610
"225",8,100,3.52,23,7,3.93358137664035,139223
"226",5.69,5000,4.26,798,5,4.23647112323784,2199
"227",6,100,4,8,6,3.8740157480315,127
"228",8,5000,4.03,579,8,4.02043470963411,23832
"229",6,5000,4.1,939,41,3.94922425952045,9926
"230",11,100,3.77,48,89,4.25328717068352,104269
"231",1.72,100,4,6,56,4.09715994020927,1338
"232",5.78,10000,3.84,1426,26,3.98224852071006,3549
"233",11,5000,4.23,1109,10,4.27486594014876,5781
"234",12,1000,3.67,646,11,3.89195402298851,870
"235",8,1000,3.5,409,42,3.87596347681727,8433
"236",1.89,100,3.46,39,2,4.10555555555556,540
"237",12,1000,4.21,103,17,3.91034280691474,20478
"238",6,10000,3.6,569,6,3.93820071096527,7314
"239",4,5000,4.28,1754,4,4.15619770884284,15538
"240",7,100,2.75,8,33,3.91744948706244,41623
"241",8,100,3.9,21,7,4.31831537708129,6126
"242",5,100,4.5,6,5,3.86754716981132,10600
"243",5.84,10000,3.45,1312,5,3.88454364585924,32168
"244",8,10000,3.99,2753,13,3.97562447206468,33148
"245",19,5000,4.09,1561,21,4.09291355857832,9116
"246",11,100,3.54,13,10,4.15593220338983,885
"247",3.85,50,3.33,3,10,4.03947368421053,7676
"248",9,1000,4.01,135,48,3.74879372738239,6632
"249",8,7,5,0,9,4.05250444247001,108048
"250",11,1000,4,221,10,4.00426701678086,73119
"251",6,20000,3.85,1124,13,4.08496948792783,15076
"252",5,100000,3.98,13789,33,4.0360808726131,366898
"253",16,100,4.05,82,14,4.21789883268483,514
"254",13,100,3.91,11,11,3.47368421052632,38
"255",9,100,3.14,28,34,3.53464673913043,1472
"256",7,100,3.64,11,6,4.26432748538012,855
"257",6,20000,3.96,4082,6,3.99865111826647,45964
"258",8,10000,3.71,903,7,3.9657006320333,12974
"259",4.7,100,4,10,17,4.00669222029391,80093
"260",4,10000,3.45,1412,4,4.14926209602092,21412
"261",8,5000,3.57,309,7,3.94594594594595,5365
"262",16,1000,3.5,222,59,3.89714133048357,3743
"263",11,100,3.29,38,10,3.73214285714286,168
"264",5.77,10000,3.85,2892,5,3.9750696731695,19735
"265",8,10000,4.19,3679,84,4.18781361119027,80713
"266",14,100,4.5,113,13,4.04772518683624,7627
"267",6,100,3.25,12,26,3.64646464646465,99
"268",13,100,4,4,11,4.03295608070696,45151
"269",11,20000,4.22,2878,50,3.96752014521053,36361
"270",4,5000,3.39,783,4,3.88454364585924,32168
"271",5.77,1000,3.72,687,16,4.22009132420091,6570
"272",9,20000,4.17,2440,50,4.007149477029,15106
"273",11,10000,3.75,1586,16,4.15239979798147,120781
"274",7,50,4,4,6,4.35294117647059,34
"275",9,1000,4.24,131,22,4.23184233835252,4516
"276",5.81,1000,3.54,54,34,4.00669222029391,80093
"277",11,100,3.66,56,59,4.19455414674704,4811
"278",11,20000,3.69,2160,10,4.023291043363,5281
"279",8,5000,3.53,876,7,3.90358565737052,2510
"280",11,10000,3.65,2422,10,4.3104329907398,78616
"281",6,5000,4.07,844,6,3.90853542104258,10474
"282",5,5000,4.07,824,6,4.04835560436878,32778
"283",6,5000,3.92,609,6,3.92345854004252,1411
"284",8,5000,4.02,1061,7,4.10596705421841,42919
"285",13,100,4.06,113,26,4.46306355241716,3682
"286",11,100,3.73,22,10,4.02405498281787,1746
"287",5.65,10000,3.65,418,25,4.01760068186661,23465
"288",4.83,50,2,1,51,3.82456140350877,57
"289",8,10000,4.04,1589,16,4.19427012278308,3665
"290",3,100,4.29,58,3,3.88380952380952,1050
"291",8,50,3.88,8,7,3.73652694610778,334
"292",13,10000,3.74,1938,14,3.94109037687523,5466
"293",11,5000,4.1,1514,88,4.02215322648318,35751
"294",7,10,3.5,4,22,3.76028739386022,1531
"295",5,5000,3.97,538,5,3.77545084351367,6876
"296",6,1000,3.84,309,6,3.92887966129295,24564
"297",13,100,4,4,11,4.03295608070696,45151
"298",3,20000,4.12,2826,3,4.12148374348841,55670
"299",12,5000,4.16,663,26,4.10061567474624,18029
"300",11,100,3.09,22,10,3.96761084490811,16487
"301",8,10000,3.85,2519,118,4.02469661486055,23485
"302",5.85,1000,3.16,602,13,3.89473684210526,25631
"303",6,100,3.07,55,6,3.93057294590044,23161
"304",9,1000,3.63,146,57,4.14305497853483,14442
"305",8,1000,3.6,141,7,3.88146380270485,3771
"306",5,100,5,2,5,4.22460496613995,5316
"307",8,50,3.71,7,7,3.54502369668246,211
"308",9,20000,3.94,4304,8,4.07988557503841,18877
"309",8,10000,3.32,1061,7,4.08089077364417,88193
"310",4.81,100,5,0,5,4.33333333333333,6
"311",14,100,3.44,71,104,3.76158940397351,151
"312",8,50,3.88,8,7,3.73652694610778,334
"313",8,100,5,13,26,3.65942028985507,138
"314",7,100,3.57,23,81,3.8566166798211,7602
"315",3,100,3.67,12,3,4.29146981627297,38100
"316",8,1000,3.63,187,8,4.08972174900625,1761
"317",8,100,3.5,6,10,3.78632478632479,117
"318",12,5000,3.34,887,11,3.68168462291871,1021
"319",11,100,2.71,24,22,4.01876675603217,746
"320",8,100,3,11,7,4.48439667128988,5768
"321",8,100,4.39,111,7,4.21240310077519,1290
"322",6,1000,3.53,325,30,3.79373368146214,383
"323",11,100,4.25,12,26,4.05491990846682,874
"324",8,100,3.86,28,7,4.39032620922385,889
"325",8,1000,3.58,605,7,4.01418072175634,21226
"326",9,10000,3.74,2148,9,4.20372535645848,246312
"327",14,10,5,1,12,4.17304979928393,9217
"328",13,5000,3.88,1224,11,3.98107322231034,56745
"329",4.84,100,4.09,57,5,3.95148767004162,16099
"330",5,1000,4.11,94,5,4.04484476811039,10436
"331",14,5000,3.43,647,89,4.23174603174603,5985
"332",3,100,3.57,28,60,3.952,1500
"333",7,10000,3.35,1786,6,3.73247335950645,3566
"334",5,50000,3.93,7088,5,4.09528786691055,11481
"335",9,100,4.07,27,8,4.33658327376698,34975
"336",9,1000,4.22,237,8,4.2646585018278,96838
"337",8,1000,4.13,127,11,4.30635838150289,173
"338",11,2,2,1,10,3.99906134134322,21307
"339",19,5000,3.77,1163,17,3.95999472747644,15173
"340",8,10000,3.65,2324,25,4.22758484088208,30292
"341",7,10000,3.91,1797,6,4.12487422016502,9938
"342",9,100,3.18,72,8,3.72916666666667,288
"343",12,5000,3.11,434,11,3.77545084351367,6876
"344",8,100,3.9,21,7,4.31831537708129,6126
"345",7,1000,3.19,245,6,4.01295364522,9341
"346",8,1000,3.93,426,17,3.98415705183399,5807
"347",8,10,5,0,7,3.96603495860166,27175
"348",11,20000,4.32,3648,10,4.29226618705036,4448
"349",11,1,5,0,30,4.00724637681159,1380
"350",3.7,100,3.18,11,47,3.40947075208914,359
"351",14,5000,3.75,1892,12,4.0304614823372,16447
"352",11,5000,4.26,1273,10,4.10232094207322,67171
"353",18,1000,3.63,477,16,4.14603024574669,2116
"354",12,20000,4.29,4266,118,4.25607690684989,165915
"355",14,1000,4.05,167,43,3.87204438377879,22711
"356",8,50,4.33,3,75,4.00293316572386,4773
"357",1.77,10000,4.03,510,2,4.23754789272031,783
"358",3.73,5000,4.14,856,9,4.14566070649804,2293
"359",8,100,3.92,12,22,4.0496402767338,65189
"360",18,5000,4.09,1903,27,4.05291706086408,15855
"361",4,100,4.07,46,4,3.88454364585924,32168
"362",5.68,10000,3.89,1232,7,4.05448038176034,7544
"363",14,5000,4.06,643,12,4.00669222029391,80093
"364",1.75,50,3,2,6,4.06901509705248,2782
"365",14,100,4.13,60,84,3.70789163722026,849
"366",8,1000,2.75,127,7,3.95681098204857,9470
"367",6,10000,4.04,2211,9,4.03294668627131,55089
"368",5.89,5000,3.25,392,5,3.84959254947614,4295
"369",5,1000,3.77,435,5,4.28817924285346,3883
"370",2.71,20000,4.03,7022,3,4.04915734980066,151249
"371",11,100,5,3,10,4.24749163879599,299
"372",16,100,4.1,10,14,4.15503183955246,16803
"373",7,5000,4.01,542,26,4.21669497694734,8242
"374",4,50,1,1,4,3.51574803149606,254
"375",6,100,3.13,8,6,4.07988557503841,18877
"376",8,10,5,0,17,3.625,8
"377",4,100,4.24,41,4,3.85849983622666,3053
"378",11,10000,3.92,2841,20,3.87163527604882,12371
"379",12,5000,3.47,371,59,4.06236080178174,3592
"380",11,1000,2.99,228,11,4.03286474164134,5264
"381",1.91,10000,4.05,697,2,4.10546060858691,2399
"382",5.7,50000,3.45,8164,58,4.0962337446508,96276
"383",8,5000,4.47,907,17,4.39735099337748,1963
"384",9,1000,3.58,81,8,3.85688432025481,13814
"385",5.72,100,2.5,4,9,3.89949016751639,1373
"386",2,100,3.2,10,10,3.99063829787234,8225
"387",9,1000,4.16,129,9,3.94015852846857,16527
"388",15,10,4,4,13,4.02114803625378,331
"389",20,50,4.17,12,17,3.92307692307692,26
"390",6,1000,3.67,304,9,4.02424242424242,3300
"391",3,1000,3.08,109,3,3.96459173387097,7936
"392",9,10000,4.15,2587,10,4.30699035812672,5808
"393",8,10000,3.98,1612,8,3.93948159491804,35262
"394",12,100,2.82,28,75,3.03448275862069,29
"395",11,100,3.8,5,13,4.02043470963411,23832
"396",9,100,3.3,10,22,3.95148767004162,16099
"397",7,1000,4.33,144,6,4.32390768950105,10963
"398",5.92,100,3.71,17,9,4.21288679984332,5106
"399",8,1000,4.34,794,48,4.33734939759036,3403
"400",11,100,3.54,28,134,4.07165109034268,1926
"401",8,10000,3.62,2069,7,3.90121605863735,12006
"402",15,50000,3.94,6735,115,4.25607690684989,165915
"403",8,20000,3.59,2189,7,4.04517020066618,12309
"404",1.68,1000,3.95,238,2,4.04517020066618,12309
"405",24,1000,4.21,762,59,4.30827619980411,4084
"406",5.65,100,3.67,33,26,4.29920739762219,3028
"407",13,100,4.35,26,11,4.04761904761905,21
"408",16,100,4.07,76,106,4.2336827213684,15551
"409",5.83,100,4.36,22,5,3.95283612844142,17471
"410",7,5000,3.32,579,7,4.05839069546641,4213
"411",8,5000,3.98,921,27,4.2164129241636,41906
"412",14,5000,4.06,643,12,4.00669222029391,80093
"413",5.65,5000,4.23,1002,9,4.0889049512107,5534
"414",1.8,1000,3.68,76,2,4.04137115839243,4230
"415",7,100,3,22,6,3.93496732026144,3060
"416",1.75,50,3,2,6,4.06901509705248,2782
"417",9,1000,4.06,252,108,3.84951129086619,5934
"418",12,1000,3.49,201,11,3.77663671373556,779
"419",8,1000,3.84,132,7,3.83795620437956,2055
"420",5,100,4.5,6,5,3.86754716981132,10600
"421",11,1000,3.74,54,10,3.95444309481241,73271
"422",8,10000,3.54,2006,7,4.00014341029686,13946
"423",7,100,4,6,6,4.03912764592688,1559
"424",6,1000,3.51,79,13,3.87073467343873,13979
"425",6,1000,4.19,201,22,4.41727246292527,3439
"426",13,100,3.42,79,25,3.95040340008644,27764
"427",7,1000,4.08,408,50,3.96748413382434,12763
"428",13,1000,3.5,64,11,4.02446009753077,12919
"429",12,50,3.88,8,14,3.88461538461538,52
"430",5.71,1000,4.23,317,13,4.24265300620113,3709
"431",11,100,3,4,51,4.00127743583788,17222
"432",3.79,20000,3.93,8412,49,4.04682538290145,56999
"433",8,100,3.39,18,10,3.68275862068965,290
"434",2,20000,4.09,6689,3,4.04915734980066,151249
"435",6,1000,3.74,518,22,4.01677297424994,4233
"436",6,50,4.2,15,6,3.72222222222222,144
"437",13,100,3.75,4,11,4.10061567474624,18029
"438",8,1000,4.25,220,25,3.90029469548134,4072
"439",7,100,5,0,6,5,0
"440",11,5000,4.05,654,10,4.0649254650733,8117
"441",11,1000,3.91,808,152,3.90835990731607,87178
"442",8,5000,3.8,757,7,4.20372535645848,246312
"443",1.65,1000,3.67,191,2,3.95879023700035,5654
"444",8,10000,3.7,904,22,4.08479927830401,6651
"445",12,1000,3.76,899,11,4.04673366834171,1990
"446",9,10000,3.84,1982,8,4.13758177780445,66644
"447",8,20000,3.33,3216,7,3.80168428005284,54504
"448",5,10,5,0,51,3.98983050847458,295
"449",11,100,3,9,50,2.94117647058824,17
"450",11,1000,4.29,410,10,3.84246970571264,1733
"451",9,5000,3.75,429,8,3.82118561710398,1029
"452",7,10000,3.12,567,13,3.84951129086619,5934
"453",6,100,3.93,41,6,4.04915734980066,151249
"454",7,100,4.24,50,14,4.14396551724138,1160
"455",1.65,1000,3.67,191,2,3.95879023700035,5654
"456",11,20000,3.92,10150,106,4.06866456780776,25093
"457",11,1000,4.08,454,85,4.3340782122905,895
"458",7,1000,4.12,442,6,4.06135865595325,1369
"459",8,1000,4.01,153,72,3.91247582205029,4136
"460",15,5000,3.95,1632,13,4.04049747857563,32323
"461",9,100,4.86,7,46,4.22800718132855,2228
"462",7,10000,4.41,3078,6,4.10138494318182,11264
"463",11,100,3.08,39,10,3.68932038834951,103
"464",6,1000,3,87,10,3.67672413793103,232
"465",8,100,4.07,58,10,4.04065040650407,123
"466",2,100,2.92,12,2,3.97540983606557,366
"467",8,100,4.04,57,13,4.23184233835252,4516
"468",22,1000,4.04,235,159,4.09796672828096,541
"469",11,1000,3.89,140,10,4.19358878639725,124563
"470",6,1000,3.73,142,6,3.85849983622666,3053
"471",6,5000,4.22,958,38,4.29389964858757,213709
"472",9,100,3.84,37,50,3.94840902069818,3237
"473",12,20000,3.64,1711,11,4.13888538532226,55499
"474",6,20000,3.71,2706,6,4.07327971403038,6714
"475",9,5000,3.81,719,33,4.16650928548946,139788
"476",18,100,4.62,34,47,4.22662116040956,1465
"477",11,5000,2.95,299,108,3.87308282208589,2608
"478",13,1000,3.7,332,13,4.06447628458498,4048
"479",11,20000,3.66,8971,38,4.10512747452545,73701
"480",11,1000,4.09,100,10,4.07809523809524,6300
"481",11,100,4.14,51,10,4.2636812992821,16994
"482",9,50,5,0,34,4.07420278004906,14676
"483",6,50,2.67,3,7,4.0589519650655,1374
"484",2.83,20000,3.62,1742,3,3.91875494592456,3791
"485",7,5000,3.39,1632,159,4.08178308178308,8547
"486",15,100,3.23,69,28,3.85061315496098,897
"487",14,5000,3.44,734,68,4.22646271510516,13075
"488",12,10,5,0,14,3.88461538461538,52
"489",5.81,100,2.61,18,30,3.8947606995807,26473
"490",16,100,3.15,72,22,3.41772151898734,79
"491",7,100,3.8,61,6,4.21638599783678,139607
"492",8,1000,3.95,449,42,4.02536420666514,47981
"493",12,10000,3.56,893,13,4.08773736668738,117487
"494",11,1000,4.1,364,76,4.14914078511745,6343
"495",11,1000,3.93,651,14,4.27949240169199,6383
"496",5.69,5000,3.61,437,5,4.2275307473983,2114
"497",12,100,3.28,40,11,3.96459173387097,7936
"498",7,100,3.6,25,6,4.15527950310559,483
"499",7,50000,3.35,9075,13,4.10375981387862,839882
"500",5.66,10000,4.29,2068,5,4.35618790995809,2174765
"501",8,20000,3.39,2877,7,4.15671532466114,402743
"502",5,10000,3.88,1109,5,4.15366509189857,59903
"503",14,5000,4.16,2082,13,4.21777092963534,5841
"504",6,1000,4.28,134,47,3.86231380720846,25914
"505",8,10000,4.02,2694,7,4.24371222460519,10258
"506",5.83,100,4.36,22,5,3.95283612844142,17471
"507",11,1000,4.08,545,21,3.98162327718224,33303
"508",1.85,100,3.9,97,11,3.83793694273772,91631
"509",9,5000,3.61,1926,8,3.95444309481241,73271
"510",8,10000,3.59,1285,56,3.7952380952381,1260
"511",3,50000,3.81,11408,3,4.04915734980066,151249
"512",6,5000,3.9,813,17,4.23817263342851,22765
"513",3.86,50,4,6,6,3.86090775988287,4098
"514",9,5000,4.03,827,8,4.19358878639725,124563
"515",5.89,5000,3.25,392,5,3.84959254947614,4295
"516",11,1000,3.62,462,17,4.13639455782313,5880
"517",8,20000,3.95,9337,7,3.99758976270344,40245
"518",8,10000,4.17,1910,140,4.16780487804878,2050
"519",11,10,3.33,3,168,3.91489361702128,47
"520",11,10,3.33,3,168,3.91489361702128,47
"521",8,100,2,2,7,4.07420278004906,14676
"522",2,50,3.88,8,8,3.94301876379691,7248
"523",5.66,100,3.41,27,5,3.83348095659876,1129
"524",9,100,4.1,10,8,4.02294411631077,4402
"525",8,100,4.08,61,9,4.07697160883281,1585
"526",9,1000,3.78,282,8,4.03873388609817,16523
"527",2.76,1000,4.33,49,17,4.13672316384181,11505
"528",3.83,100,3.57,67,4,3.95879023700035,5654
"529",7,10000,4.47,1838,9,4.16179672281425,8727
"530",6,1000,3.46,566,43,3.96752014521053,36361
"531",8,100,4.06,36,21,4.27486594014876,5781
"532",8,1000,4.16,45,9,3.88516086046069,21012
"533",2.66,100,2.67,12,3,4.13758177780445,66644
"534",8,20000,3.37,5685,85,4.15671532466114,402743
"535",8,1000,3.55,120,7,4.13745236799129,7348
"536",3.67,5000,3.32,510,9,4.07061824528429,253249
"537",12,20000,4.08,1799,81,4.12792106060008,151914
"538",13,20000,4.06,4378,11,4.28849252274945,44067
"539",9,5000,3.89,740,8,4.04795930725445,24771
"540",9,50,4.63,8,85,4.18518518518519,54
"541",8,100,3.38,42,7,3.83838383838384,198
"542",12,10000,4.14,3560,11,3.98483684237488,19521
"543",5,100,3.8,15,75,3.88967749261867,17612
"544",6,5000,4.27,901,6,4.17699768079275,9486
"545",14,1000,3.7,511,12,4.05688825069685,47356
"546",8,5000,4.34,719,7,4.01381287464165,15348
"547",8,20000,4.03,5929,59,4.08356657337065,15006
"548",8,20000,3.41,5781,7,4.20915469428667,32923
"549",18,20000,4.23,4421,16,4.38741406663141,18910
"550",3.93,100,3.54,57,24,4.2134222592747,2399
"551",11,100,3.12,25,10,3.96806105144149,7076
"552",6,100,3.67,27,6,4.04059511158342,4705
"553",8,1000,4.37,578,7,4.17944544229906,17816
"554",11,100,4.33,3,59,3.95543415756182,38258
"555",7,5000,4.01,542,26,4.21669497694734,8242
"556",12,100,5,0,11,4.5,6
"557",11,100,3.56,71,10,4.06901509705248,2782
"558",11,100,3.96,98,10,4.2767258382643,5070
"559",3,50,4.25,4,3,4.03571428571429,28
"560",5,5000,3.51,747,8,4.06953576409643,5019
"561",9,1000,4.74,47,43,4.00293316572386,4773
"562",8,1000,3.61,233,7,3.88553776857995,32858
"563",9,20000,3.88,6360,8,4.09855721883002,40616
"564",11,20000,3.73,8609,10,3.9246774093968,32394
"565",11,20000,3.53,3572,84,4.0171333054743,11965
"566",7,10000,4.34,3079,6,4.29324086533485,9661
"567",3.93,100,4.4,10,4,3.91875494592456,3791
"568",7,100,3.67,18,6,4.04517020066618,12309
"569",8,100,4,13,7,3.7906976744186,129
"570",7,5000,4.38,996,6,3.94679091563424,130598
"571",3.7,10,2.25,4,9,3.77777777777778,72
"572",8,100,4.29,31,51,3.83253506671228,5846
"573",8,1000,4.11,439,7,4.26059588753672,14298
"574",3.94,100,3.9,21,8,4.06878306878307,189
"575",15,1000,4.41,277,13,4.25433526011561,1038
"576",5,1000,3.74,149,5,4.13888538532226,55499
"577",5.77,100,4,4,5,3.91574032903513,8996
"578",4.67,100,2.88,82,4,4.07936507936508,7497
"579",11,100,3.29,49,10,3.73214285714286,168
"580",5.9,5000,3.26,531,5,4.05502899985854,7069
"581",3.7,100,3.18,11,47,3.40947075208914,359
"582",5,1000,3.77,435,5,4.28817924285346,3883
"583",9,5000,3.65,878,8,3.98620689655172,3915
"584",16,100,3.88,69,18,3.82856991497364,37753
"585",6,10000,4.34,1669,6,4.32383040935673,2736
"586",16,1000,3.67,450,26,4.23754260671969,12322
"587",3.76,1000,3.34,95,4,4.1096214511041,3804
"588",8,1000,4.01,270,30,4.20931283905967,2212
"589",11,100,3.13,45,10,3.38186813186813,364
"590",8,100,3.33,3,7,4.36833602584814,619
"591",12,1000,4.05,614,11,4.03295608070696,45151
"592",8,5000,4.07,775,9,4.10596705421841,42919
"593",11,100,3.32,28,10,4.3249348392702,1151
"594",5,10000,3.94,2557,5,3.88454364585924,32168
"595",5,1000,3.77,404,76,4.06866456780776,25093
"596",7,1000,3.8,46,6,3.81127596439169,1685
"597",8,5000,4.02,1269,7,4.05442315014596,39395
"598",15,3,5,0,15,4.25228915662651,4150
"599",12,1000,3.81,341,11,4.15035587188612,2248
"600",7,100,4.15,27,6,4.13594905283609,18529
"601",13,5000,3.97,1020,68,4.25607690684989,165915
"602",9,100,3.69,29,59,4.02424242424242,3300
"603",5,100,3,45,5,4.05397179669271,9857
"604",14,1000,4.24,254,93,4.20129848510072,90105
"605",7,10000,3.94,1116,16,4.14533568016093,3977
"606",13,10000,4.07,2328,84,4.20340053217878,22173
"607",2,1000,4.03,31,6,4.11744492260261,31138
"608",4.73,100,4.4,86,7,4.11744492260261,31138
"609",11,20000,3.42,7596,37,4.31018805538334,58068
"610",8,5000,4,1355,122,4.19960362400906,3532
"611",4.74,5000,4.05,784,20,4.29389964858757,213709
"612",8,10000,3.28,1649,7,3.98239953065415,6818
"613",8,100,3.83,6,7,3.54502369668246,211
"614",8,100,3.47,34,30,3.95258386219402,11030
"615",5.95,100,3.21,48,6,3.8535759627592,2363
"616",3.65,100,3.38,8,9,4.24324932493249,8888
"617",2.81,5000,3.91,940,3,4.10596705421841,42919
"618",4.66,10000,4.28,1594,5,4.39459105677754,85562
"619",5,10,5,0,5,3.83720930232558,129
"620",5,1000,4.23,62,16,4.02923531092277,10501
"621",8,100,3.33,3,7,4.36833602584814,619
"622",13,1000,3.53,302,11,3.86538461538462,4524
"623",8,5000,4.3,830,7,4.28967391304348,9200
"624",8,100,3.5,2,85,3.98705135564034,59234
"625",7,100,4.07,30,6,4.15503183955246,16803
"626",12,1000,3.37,928,11,3.86065915727993,2397
"627",5,1000,3.68,155,5,3.86754716981132,10600
"628",13,1000,3.88,122,33,4.14912280701754,114
"629",14,10000,4.15,2514,75,4.07063746888416,27719
"630",7,10000,3.48,2504,6,3.99560570071259,25260
"631",6,20000,3.74,6509,6,4.11379897785349,11740
"632",8,5000,4.1,1512,7,4.31624368240856,92005
"633",5,100,3.69,13,30,3.84002466851681,16215
"634",11,100,3.54,13,10,4.15593220338983,885
"635",5.65,10,5,0,33,4.03701645947635,28798
"636",3.76,50,3.5,8,7,3.88042895442359,3730
"637",7,100,4.57,23,6,4.43093561939366,105684
"638",4.67,10000,4.28,936,4,4.2646585018278,96838
"639",11,100,3.29,49,10,3.73214285714286,168
"640",2.8,100,3.17,6,3,4.25810663764962,4595
"641",16,10,4.5,4,25,4.01479289940828,676
"642",9,100,3.63,92,17,4.28996865203762,3190
"643",7,5000,3.83,1169,9,4.13493546951491,33705
"644",16,100,4,11,14,4.14827201783724,3588
"645",9,50,4,5,34,4.45810055865922,537
"646",3,100,2,3,26,3.95464380825566,12016
"647",6,5000,3.83,1458,6,4.10232094207322,67171
"648",12,1000,3.93,566,72,4.33746654772525,44840
"649",6,100,3.8,10,34,3.92891968180652,3897
"650",13,1000,4.16,138,13,3.9813366374971,12913
"651",9,5000,3.97,588,19,4.01524132091448,1181
"652",9,20000,3.6,1193,26,3.87204438377879,22711
"653",5,100,3.06,65,5,4.15035587188612,2248
"654",16,100,3.41,27,84,4.0489939637827,9940
"655",11,20000,3.76,8029,14,4.13710585585586,17760
"656",2,100,3.2,10,10,3.99063829787234,8225
"657",8,100,3.43,23,7,4.13094646113045,24132
"658",7,10000,3.55,793,7,3.98705135564034,59234
"659",14,1000,3.82,176,12,4.29579158316633,99800
"660",12,5000,4.16,663,26,4.10061567474624,18029
"661",7,100,3.72,47,6,4.12783913905409,17655
"662",8,100,2.79,14,7,4.33670849971477,7012
"663",8,1000,3.91,102,7,4.09730250481696,2076
"664",14,1000,4.08,546,86,4.26547236503856,62240
"665",6,5000,3.47,536,32,3.89889018691589,17120
"666",11,20000,3.63,2633,10,3.92468451089141,12441
"667",8,1000,4.19,54,26,4.0496402767338,65189
"668",14,10,4,2,12,3.87548638132296,514
"669",5,100,2.79,19,127,4.22539275408785,9357
"670",11,100,4.25,20,10,4.23055555555556,360
"671",4.81,3,5,0,30,3.99050799789067,11378
"672",9,100,3.51,47,21,4.11386995013738,9827
"673",11,10,2,2,70,3.87310606060606,528
"674",12,1000,3.85,398,11,3.86369734370808,3727
"675",6,1000,4.09,538,140,4.03125,2464
"676",3.87,100,4.53,43,15,4.23217062874917,4501
"677",5,50,5,1,5,3.75,4
"678",11,1000,3.75,213,11,3.89889018691589,17120
"679",8,10000,3.54,2006,7,4.00014341029686,13946
"680",5,100,3.69,13,30,3.84002466851681,16215
"681",14,100,3.8,50,25,3.90869565217391,230
"682",3,1000,3.08,109,3,3.96459173387097,7936
"683",9,10000,3.91,3101,8,4.07922359213595,12004
"684",3.83,100,3.57,67,4,3.95879023700035,5654
"685",6,100,3.67,27,6,4.04059511158342,4705
"686",9,5000,3.08,777,8,3.90853542104258,10474
"687",12,10000,3.01,1322,16,3.89889018691589,17120
"688",7,5000,3.39,1632,159,4.08178308178308,8547
"689",11,10000,4.09,2324,10,4.08967719049308,14095
"690",3.76,50,3.5,8,7,3.88042895442359,3730
"691",11,1000,3.67,585,159,3.87802300279764,16085
"692",11,1000,3.95,596,26,3.99981929887965,5534
"693",13,20000,2.93,3421,30,4.09666698319248,200089
"694",5.77,100,2.9,62,9,4.00293542074364,2044
"695",5,100,3.91,43,5,3.90853542104258,10474
"696",11,5000,3.34,1897,10,3.95830388692579,5660
"697",6,100,3.47,55,17,4.21627818112342,7851
"698",5,1000,3.34,252,5,4.09474542262353,15948
"699",6,50,2.67,3,7,4.0589519650655,1374
"700",8,1000,3.47,378,7,4.06472710870546,4434
"701",11,1000,3.74,54,10,3.95444309481241,73271
"702",5,100,2.79,19,127,4.22539275408785,9357
"703",7,1000,3.28,141,6,4.04517020066618,12309
"704",12,10000,3.25,1276,11,3.79473855147775,6158
"705",2,100,3.67,12,9,3.8018018018018,111
"706",4,100,3.1,21,4,4.07822241874862,22615
"707",11,10000,3.75,1520,11,4.18084033613445,2975
"708",13,100,3.49,55,15,4.42857142857143,3276
"709",6,10000,4.35,3279,17,4.14366609979376,110548
"710",12,100,3.68,40,100,4.24358974358974,4758
"711",12,5000,3.96,247,11,4.10577766637423,31916
"712",14,100,4.09,150,126,4.18473164928976,14291
"713",11,100,4.38,8,10,4.28333333333333,120
"714",14,100,4.23,44,97,4.21070615034169,878
"715",9,1000,3.37,238,9,3.89384540322019,28694
"716",11,100,3.8,10,10,3.94331983805668,247
"717",3.7,5000,3.47,835,58,4.18984389872454,21012
"718",9,10000,4.02,840,48,4.10596705421841,42919
"719",3.85,1000,4.18,142,7,4.11744492260261,31138
"720",8,1000,3.49,154,49,3.9889339727038,5422
"721",14,1000,3.87,186,12,3.72916666666667,288
"722",11,20000,3.64,3397,250,4.15671532466114,402743
"723",6,5000,3.75,506,6,3.81758345086977,2127
"724",8,5000,3.39,1248,7,4.04121459771735,14194
"725",5.74,10000,3.61,2366,5,4.15366509189857,59903
"726",11,100,3.09,22,10,3.96761084490811,16487
"727",2,1000,4.13,143,2,4.03601895734597,1055
"728",8,1000,3.42,373,7,3.96520423600605,1322
"729",8,1000,3.81,166,7,4.25420795972943,6357
"730",2,1000,4.19,81,2,4.14695734747171,126370
"731",11,5000,3.13,908,10,3.81758345086977,2127
"732",11,20000,3.56,3929,20,3.96238068500842,33839
"733",8,10,5,0,7,3.96603495860166,27175
"734",5,5000,3.7,296,85,3.83151394861616,18138
"735",9,100,3.7,27,8,3.89423076923077,104
"736",9,5000,3.68,856,8,3.94747196537478,5083
"737",7,100,3.95,65,6,3.95606494746896,1047
"738",9,20000,4.1,4874,9,3.99937140370388,20681
"739",11,5000,3.59,1329,11,4.20372535645848,246312
"740",2,100,2.57,7,2,4.02446009753077,12919
"741",14,20000,3.61,5891,12,3.91527520098949,14553
"742",7,10000,3.86,2092,26,3.99981929887965,5534
"743",8,10000,3.66,1467,7,3.89711549690529,8563
"744",13,10000,3.87,2731,11,4.0304614823372,16447
"745",12,50,4.75,4,85,4.17543859649123,57
"746",8,10000,4.13,1312,7,4.05301794453507,7356
"747",8,8,5,0,68,3.91693290734824,626
"748",11,1000,3.8,75,10,3.79744816586922,3762
"749",5,100,3.97,30,5,3.86754716981132,10600
"750",5.75,100,4.26,27,16,4.44444444444444,36
"751",8,5000,3.32,743,7,3.93752991862135,4178
"752",7,100,3.95,65,6,3.95606494746896,1047
"753",6,50,4,4,7,4.16650928548946,139788
"754",11,20000,3.78,2729,19,4.00322878228782,4336
"755",5.65,1000,3.96,164,6,4.04517020066618,12309
"756",8,5000,4.14,555,8,3.79995866914652,9678
"757",5,5000,3.6,763,5,4.02885738115096,5995
"758",11,10000,4.05,1479,10,3.93638239339752,5816
"759",49,100,4.67,6,42,4.22313773893318,29977
"760",5,100,4.83,6,5,3.03896103896104,231
"761",4.66,100,2.92,24,11,4.27573137510364,8443
"762",7,100,3,22,6,3.93496732026144,3060
"763",19,1000,3.4,255,17,3.76057989553353,18762
"764",23,100,3.86,118,118,4.0649254650733,8117
"765",9,100,3.84,51,10,3.65120593692022,1078
"766",6,1000,3.41,106,34,4.00293542074364,2044
"767",14,100,3.92,25,92,4.22762008733624,7328
"768",22,20000,3.66,1103,19,4.09690771852934,4107
"769",8,1000,2.98,108,7,3.4755838641189,942
"770",2.66,100,2.67,12,3,4.13758177780445,66644
"771",2,100,3.47,32,9,4.16762767710049,4856
"772",16,10000,4.34,3075,14,4.30117473469156,17621
"773",11,1000,3.75,213,11,3.89889018691589,17120
"774",14,1000,3.74,582,12,3.88553776857995,32858
"775",16,2,5,0,16,4.3030303030303,693
"776",8,1000,4.18,668,8,4.00574052812859,5226
"777",9,5000,4.22,827,8,4.09141856392294,14275
"778",14,100,4.23,65,12,4.16988636363636,3520
"779",11,10000,3.76,1546,10,4.13888538532226,55499
"780",15,1000,3.96,382,109,3.96826880024918,51369
"781",4,50,1,1,4,3.51574803149606,254
"782",5.75,10,5,0,5,2.33333333333333,3
"783",9,1000,3.29,99,8,4.08089077364417,88193
"784",6,1000,3.21,362,6,4.15539398038553,5914
"785",8,10000,4.09,1087,7,3.96093555610848,4019
"786",5.73,1000,3.69,182,5,4.27944640753828,3396
"787",8,20000,3.9,3700,7,4.13000421407501,9492
"788",11,1000,3.35,85,10,3.89503816793893,3668
"789",8,50,3.67,6,7,3.79190751445087,519
"790",7,10,5,2,17,3.60869565217391,46
"791",4,50000,4,10927,6,4.09469447493597,13665
"792",13,100,3.22,9,11,3.8018018018018,111
"793",12,1000,4.15,153,85,4.2336827213684,15551
"794",9,10000,4.15,2587,10,4.30699035812672,5808
"795",5.78,5000,3.55,876,50,3.96603495860166,27175
"796",5.86,1000,4.28,512,11,4.26438053097345,904
"797",9,10000,3.82,1860,22,3.87403290835785,9177
"798",3.87,1000,3.34,94,4,4.12736605710619,3117
"799",9,1000,4.52,312,38,4.38017303532805,27740
"800",5.74,100,3.38,58,5,4.13758177780445,66644
"801",9,10000,4.06,1642,8,4.04517020066618,12309
"802",8,7,5,1,55,4.24858223062382,6348
"803",3.68,100,3.71,42,4,3.78960148550207,105015
"804",4.86,1000,3.89,115,8,3.78990019229008,21842
"805",11,100,3.96,25,10,4.27707808564232,794
"806",12,50,3.29,7,11,3.46428571428571,28
"807",15,1000,3.3,408,25,3.94906367041198,1335
"808",3.91,1000,3.73,145,4,3.88454364585924,32168
"809",11,100,3.16,38,14,4.06422983198666,38985
"810",11,100,3.46,56,84,4.20129848510072,90105
"811",8,10000,4.18,1352,30,3.90254772046064,25356
"812",8,10000,3.82,2520,7,3.87200997619318,8821
"813",14,10000,4.36,2010,12,4.23817263342851,22765
"814",7,50,3,2,33,4.00154626913012,25222
"815",6,100,4,35,11,3.77411402157165,3245
"816",6,1000,4.18,352,6,3.93590032698162,17738
"817",12,100,3,6,11,3.97540983606557,366
"818",9,50,4,5,34,4.45810055865922,537
"819",3.88,100,3.47,34,4,3.95879023700035,5654
"820",8,20000,3.96,3761,7,3.99879769156781,12476
"821",12,1000,3.98,131,48,4.10596705421841,42919
"822",5.65,1000,3.39,192,33,4.03037727895458,37956
"823",11,1000,4.46,217,11,4.01466340813153,9002
"824",12,1000,3.82,428,11,3.97886463809676,18831
"825",5.74,10000,3.61,2366,5,4.15366509189857,59903
"826",9,100,4.13,23,8,4.23985141947466,3769
"827",8,5000,3.45,920,58,4.19278929188256,4632
"828",8,1000,3.39,219,17,3.95444309481241,73271
"829",5.79,5000,3.78,1022,5,3.73247335950645,3566
"830",8,10000,3.27,1167,16,3.87403290835785,9177
"831",2.79,100,4,2,13,4.24522536287242,1309
"832",9,100,3.73,82,84,3.90977886151518,35679
"833",13,100,3.49,55,15,4.42857142857143,3276
"834",8,20000,3.68,2015,7,3.88146380270485,3771
"835",5.65,1000,4.24,319,7,4.04772518683624,7627
"836",4.86,1000,3.79,200,5,4.18913926856299,2707
"837",6,1000,3.82,523,8,4.17060285891858,3218
"838",6,1000,4.01,471,9,4.09221556886228,2505
"839",8,1000,4.22,621,9,4.19280085481501,14974
"840",11,5000,3.45,869,50,3.96752014521053,36361
"841",9,10000,3.93,2253,17,4.34323534895283,16091
"842",8,1000,3.74,536,84,4.26789081885856,30225
"843",12,20000,3.8,2066,11,4.12148374348841,55670
"844",14,1000,3.85,422,37,3.93358137664035,139223
"845",8,100,4.07,14,7,4.23055555555556,360
"846",8,1000,3.09,337,7,4.09730250481696,2076
"847",8,100,5,13,26,3.65942028985507,138
"848",7,5000,3.44,921,6,3.73247335950645,3566
"849",7,5000,3.59,677,26,3.99981929887965,5534
"850",16,1000,4.05,580,111,4.19345661450925,20387
"851",11,1000,3.78,463,24,4.07964375589808,50864
"852",9,1000,4.09,520,65,4.06422983198666,38985
"853",5,5000,3.29,1530,28,3.69605411499436,4435
"854",16,1000,4.52,552,14,4.25443394662689,6033
"855",7,1000,4.23,207,6,4.33242937853107,4425
"856",9,5000,3.6,985,50,3.99505640765623,7889
"857",1.76,100,4.63,35,2,4.4559405008473,10622
"858",5,5000,4.07,824,6,4.04835560436878,32778
"859",8,1000,4.23,650,7,4.1148001850468,28101
"860",4.69,5000,3.95,574,4,4.12148374348841,55670
"861",8,1000,4.15,158,18,3.74088535541233,42514
"862",6,100,3.47,19,6,3.86754716981132,10600
"863",6,10,2.33,3,33,3.9246774093968,32394
"864",6,1000,3,87,10,3.67672413793103,232
"865",4.65,50,5,0,4,3.89179104477612,268
"866",2.67,10,5,0,67,3.69230769230769,13
"867",11,100,3.5,10,10,4.02446009753077,12919
"868",5,100,4,4,26,4.15754769215282,19867
"869",11,1000,4.22,223,11,3.76611694152924,667
"870",7,20000,3.98,6510,11,4.06396598235106,43742
"871",12,1000,3.61,171,11,4.19455414674704,4811
"872",1.72,1000,4.33,18,26,4.00728332119446,1373
"873",1.72,100,4.23,13,2,4.0032,1250
"874",8,10000,4.21,1631,47,4.32188065099457,1659
"875",5.8,1000,3.83,52,9,3.80996642516346,28295
"876",7,50000,4.12,9207,6,4.15619770884284,15538
"877",3.66,100,3.2,10,26,3.33828996282528,269
"878",3.83,5000,3.76,337,4,4.28559773576544,99283
"879",13,10000,4.36,2592,84,4.30106665542392,23719
"880",6,5000,3.85,817,17,4.07964375589808,50864
"881",15,100,3.87,202,59,4.15783679647723,7267
"882",8,100,4,13,7,3.7906976744186,129
"883",1.71,50,4.67,3,2,3.79744816586922,3762
"884",12,10000,3.87,632,43,3.97293735172656,45524
"885",20,50,4.17,12,17,3.92307692307692,26
"886",9,1000,4.17,648,8,4.03037727895458,37956
"887",2,1000,3.73,41,56,3.90990702148124,3119
"888",5,100,3.4,25,5,3.91836734693878,98
"889",9,10000,4.14,644,14,3.84919436052367,3972
"890",11,100,3.56,71,10,4.06901509705248,2782
"891",16,1000,4.27,127,14,4.21789883268483,514
"892",7,5000,3.23,1212,6,3.68742586002372,1686
"893",7,10000,3.93,2526,84,4.02923531092277,10501
"894",8,50000,3.69,14568,54,3.84025693743854,78307
"895",8,100,3.8,15,7,4.04545454545455,88
"896",8,10000,3.66,864,7,3.84959254947614,4295
"897",3,100,4.04,47,3,4.09358828172967,11401
"898",8,1000,3.12,341,20,3.95316874522779,7858
"899",6,5000,3.18,573,21,4.11386995013738,9827
"900",9,100,3.51,47,21,4.11386995013738,9827
"901",11,100,3.73,26,49,4.14396551724138,1160
"902",13,1000,3.36,350,11,3.87200997619318,8821
"903",11,5000,4.16,1401,11,4.05447078319764,13879
"904",7,1000,4.02,636,7,4.01815713558459,35358
"905",9,10,5,0,10,3.69072164948454,291
"906",8,100,4.19,54,7,3.85193013683391,8989
"907",8,1000,4.06,121,8,4.02424242424242,3300
"908",6,5000,4.26,550,17,4.27486594014876,5781
"909",14,100,4.5,113,13,4.04772518683624,7627
"910",13,100,4.09,127,93,4.23538180598517,26833
"911",13,1000,4.14,870,59,4.03873388609817,16523
"912",5,5000,3.88,883,5,4.12067659681898,11883
"913",3.69,100,4.36,11,53,3.85559566787004,277
"914",3.85,1000,3.23,185,69,3.9601706970128,703
"915",11,100,3.91,22,10,4.10634252342795,7363
"916",2,1000,4.19,81,2,4.14695734747171,126370
"917",8,100,4.5,14,85,3.90173410404624,173
"918",7,10,3.36,11,7,3.81047937569677,4485
"919",11,1000,3.73,154,24,4.21343856923949,47639
"920",11,5000,3.2,249,10,4.08089077364417,88193
"921",2.7,10000,4.13,1165,3,4.10884906013864,16013
"922",5.83,5000,3.99,639,8,3.83793694273772,91631
"923",11,20000,3.76,8029,14,4.13710585585586,17760
"924",12,100,3.97,37,11,3.73553719008264,1452
"925",5.66,100,3.08,13,6,4.06901509705248,2782
"926",16,100,4,11,14,4.14827201783724,3588
"927",3.67,1000,4.09,197,13,4.13672316384181,11505
"928",12,100,3.73,104,11,4.02782025644042,17002
"929",2.71,100,3.4,20,6,3.79744816586922,3762
"930",5.73,100,4.03,63,5,4.00311526479751,3852
"931",8,10000,3.84,1958,7,4.26800226189514,61895
"932",9,100,3.7,27,8,3.89423076923077,104
"933",14,100,2.7,20,12,3.92270237370663,1643
"934",3.66,100,3.04,23,4,3.95316874522779,7858
"935",6,100,3.4,5,6,3.625,112
"936",12,1000,3.58,137,85,3.85539040695788,15407
"937",9,5000,3.68,856,8,3.94747196537478,5083
"938",13,100,3.55,20,56,3.77477477477477,111
"939",3,50,4.25,4,3,4.03571428571429,28
"940",9,1000,3.67,108,8,3.92468451089141,12441
"941",11,1000,3.62,131,11,3.81714900741449,8362
"942",11,100,3.55,89,10,3.55681818181818,88
"943",11,100,3.13,45,10,3.38186813186813,364
"944",9,10000,3.78,2090,26,4.10375981387862,839882
"945",7,1000,3.99,194,49,4.31602172437203,2946
"946",3.73,100,4.37,27,17,4.52186588921283,343
"947",8,50,5,2,10,3.8740157480315,127
"948",3.81,100,3.32,25,25,3.94453507340946,613
"949",6,10000,3.78,1941,142,4.12341962673089,31559
"950",12,1000,4.09,702,86,4.25328717068352,104269
"951",6,100,5,2,6,4.03571428571429,28
"952",6,10000,4.09,2789,31,4.28044153156261,11596
"953",9,50000,3.83,13198,8,4.30208220951559,37076
"954",13,50,4.33,12,11,4.09353670427636,14358
"955",11,10000,3.75,1717,10,4.23588661100577,190918
"956",3.9,1000,3.11,57,5,3.88272200772201,2072
"957",8,100,4.33,110,47,4.57751937984496,1032
"958",6,50000,4.2,12880,6,4.22794271377796,38264
"959",6,5000,3.93,549,6,4.00669222029391,80093
"960",8,50,5,0,10,4.14624156388178,21485
"961",4.68,1000,3.69,127,25,4.0578109847483,45372
"962",8,1000,4,180,43,3.93358137664035,139223
"963",8,20000,4.05,8904,7,4.16809739347589,19221
"964",8,1000,3.61,256,51,4.14195344129555,19760
"965",7,100,2.9,10,26,3.1875,32
"966",7,10000,4.11,2483,6,4.06621783101629,34311
"967",7,1000,3.28,179,30,4.38209174311927,13625
"968",5.65,1000,3.87,108,5,4.05454545454545,550
"969",9,1000,4.09,520,65,4.06422983198666,38985
"970",8,10000,3.35,1316,9,3.98792148968294,1987
"971",12,1000,4.18,239,58,4.14656882189607,5042
"972",5,1000,3.1,31,5,4.32521489971347,2792
"973",3.84,1000,3.18,55,4,4.31858407079646,791
"974",8,10000,3.56,1473,7,4.18074991029781,11148
"975",12,1000,3.87,344,31,4.00782472613459,639
"976",5.79,100,3.96,53,9,3.72115384615385,104
"977",7,10,5,0,66,4.04223064428803,3694
"978",3,1000,4.05,327,5,4.07985182136242,72885
"979",13,1000,4.01,156,22,4.33074534161491,4508
"980",8,10000,4.04,1589,16,4.19427012278308,3665
"981",8,100,3.64,11,76,3.51428571428571,70
"982",9,100,4.07,46,8,3.96666666666667,300
"983",9,1000,4.27,754,8,4.10061567474624,18029
"984",4.9,1000,3.83,99,8,3.89967327625056,17752
"985",8,1000,4.14,196,38,4.38310756972112,6275
"986",25,50,3.17,6,38,4.00997506234414,401
"987",2,100,2.57,7,2,4.02446009753077,12919
"988",9,1000,3.52,295,8,3.92468451089141,12441
"989",11,100,4.24,55,42,4.36578990361052,6121
"990",12,1000,4.22,206,102,4.21162324649299,2495
"991",9,10000,3.77,1721,59,4.19217451523546,2888
"992",7,10,5,2,17,3.60869565217391,46
"993",8,100,4,55,25,4.1068667576171,2199
"994",8,1000,4.22,124,7,4.05746835443038,3950
"995",15,5000,3.51,1257,13,4.4710175145955,19184
"996",14,5000,3.52,1442,27,3.95999491998984,7874
"997",13,20000,2.97,2191,11,4.00158817842839,14482
"998",4.83,50,2,1,51,3.82456140350877,57
"999",6,100,4,2,7,4.05104906013571,102568
"1000",13,100,4.35,26,11,4.04761904761905,21
"1001",11,5000,4.34,728,10,4.08117647058824,8500
"1002",8,1000,3.6,141,7,3.88146380270485,3771
"1003",7,1000,4.16,129,6,4.20403825717322,941
"1004",9,100,3.18,72,8,3.72916666666667,288
"1005",2,5000,3.89,496,2,4.08967719049308,14095
"1006",8,10000,4.01,2543,7,4.14366609979376,110548
"1007",8,1000,3.63,161,7,3.97338173018754,1653
"1008",8,5000,4.14,2737,7,4.29874595765229,68339
"1009",18,5000,4.03,1058,27,3.79494655004859,12348
"1010",11,20000,3.7,2682,10,3.9657006320333,12974
"1011",11,20000,3.87,5719,83,4.12792106060008,151914
"1012",4,10000,4.03,2150,4,4.31106598369351,230951
"1013",8,10000,3.71,951,7,4.05839069546641,4213
"1014",8,5000,3.94,957,7,4.17836725360165,4373
"1015",6,1000,3.94,251,23,3.97041969955088,6457
"1016",5.87,20000,3.98,4137,5,4.11881188118812,4646
"1017",2.65,100,4.58,33,3,3.98777777777778,900
"1018",7,20000,4,2464,6,4.06970345460104,3271
"1019",7,100000,3.82,11913,22,4.21886629732745,320031
"1020",14,5000,3.83,912,12,3.95543415756182,38258
"1021",19,20000,4.4,3787,105,4.32994873984029,295161
"1022",8,5000,3.7,917,7,4.17585108988489,8166
"1023",7,5000,4.02,1046,50,3.96752014521053,36361
"1024",8,10000,3.09,775,9,3.80168428005284,54504
"1025",8,1000,3.93,54,7,4.08089077364417,88193
"1026",1.7,1000,3.86,86,9,3.99173553719008,484
"1027",12,100,3.59,64,59,4.01392067124333,5244
"1028",6,5000,4.04,846,33,4.14624156388178,21485
"1029",11,50000,3.91,13488,10,4.17944544229906,17816
"1030",5,100,4.27,22,59,4.12667946257198,521
"1031",9,100,3.72,109,49,4.04119850187266,267
"1032",15,1000,3.87,546,68,4.18405904059041,6775
"1033",5,1000,3.1,31,5,4.32521489971347,2792
"1034",15,100,4.11,56,13,4.03047091412742,2166
"1035",11,1000,3.93,90,54,4.09358828172967,11401
"1036",14,100,3.79,103,84,4.28839911156672,29265
"1037",16,5000,4.01,781,56,4.26673839278325,12083
"1038",6,20000,3.97,2564,6,3.9657006320333,12974
"1039",13,1000,3.47,487,11,3.97874659400545,3670
"1040",3.86,100,3.48,23,4,4.12148374348841,55670
"1041",3.74,10000,4.23,1416,55,4.03037727895458,37956
"1042",7,100,3.23,43,9,4.10634252342795,7363
"1043",12,1000,3.61,171,11,4.19455414674704,4811
"1044",8,100,3.07,14,26,3.18604651162791,43
"1045",12,100,4.09,11,11,3.93389830508475,1770
"1046",7,100,3.65,20,6,3.625,24
"1047",8,1000,3.74,638,22,4.19116670356431,9034
"1048",6,1000,4.11,76,11,3.80168428005284,54504
"1049",4,100,4.07,46,4,3.88454364585924,32168
"1050",9,5000,3.8,501,8,4.13672316384181,11505
"1051",3,100,4.29,58,3,3.88380952380952,1050
"1052",16,100,3.73,89,14,3.94679091563424,130598
"1053",5.84,1000,4.19,307,11,4.17278596896984,10377
"1054",11,100,3.4,10,17,3.91735341899276,33855
"1055",2,100,3.53,58,2,4.03047895500726,689
"1056",8,1000,3.13,111,7,4.07247470934622,6623
"1057",7,5000,3.79,797,22,4.25015595757954,4809
"1058",2,5000,3.7,355,2,4.04517020066618,12309
"1059",8,1000,4.14,429,34,3.93922651933702,905
"1060",11,1000,3.73,128,10,3.78960148550207,105015
"1061",5,100,3.72,54,11,4.03949545078577,4836
"1062",6,10000,4.29,2808,6,4.31414996288048,33675
"1063",12,5000,3.91,192,13,4.01751313485114,571
"1064",6,100,4.27,15,6,3.89692101740295,2988
"1065",11,5000,3.64,829,10,3.90853542104258,10474
"1066",8,1000,4.43,398,7,4.18137254901961,816
"1067",2,100,2.44,9,2,4.0353604689993,26951
"1068",5.66,20000,4.14,2927,5,4.19585618525289,8205
"1069",3.94,100,3.9,21,8,4.06878306878307,189
"1070",14,1000,3.61,548,12,3.96032824974664,40457
"1071",9,5000,3.9,613,8,4.05720876585928,4335
"1072",4,100,3.1,21,4,4.07822241874862,22615
"1073",11,100,4.75,4,10,3.69657787283687,10286
"1074",7,100,4.52,106,34,4.150512214342,1269
"1075",2,1000,4.19,81,2,4.14695734747171,126370
"1076",3.92,20000,3.76,4367,4,4.13888538532226,55499
"1077",8,10000,3.31,1554,84,4.18781361119027,80713
"1078",16,1000,3.16,370,14,4.05688825069685,47356
"1079",8,1000,3.98,234,7,4.05688825069685,47356
"1080",3,100,3.67,12,3,4.29146981627297,38100
"1081",8,100,4.19,54,7,3.85193013683391,8989
"1082",11,100,3.24,96,10,4.21034180543383,2282
"1083",11,10000,4.02,2050,10,4.14624156388178,21485
"1084",12,100,3,6,11,3.97540983606557,366
"1085",16,100,3.82,50,16,4.03947368421053,7676
"1086",14,100,3.75,36,51,3.89789754219722,16885
"1087",3,100,3.67,6,7,3.97507788161994,1284
"1088",3.86,100,3.48,23,4,4.12148374348841,55670
"1089",5.82,1000,3.93,623,58,4.07155742633794,1663
"1090",8,50,3.67,6,7,3.79190751445087,519
"1091",11,100,4.67,3,17,3.70758405003909,1279
"1092",11,5000,3.87,901,10,3.92468451089141,12441
"1093",1.86,1000,3.78,36,2,3.97293735172656,45524
"1094",3.88,100,3.47,34,4,3.95879023700035,5654
"1095",8,50,5,0,33,4.11005854177754,9395
"1096",3.71,10,5,1,5,4.2,60
"1097",11,100,3.93,107,28,4.18620689655172,435
"1098",5,1000,4.13,103,5,3.88454364585924,32168
"1099",11,100,3.87,46,13,3.94861250178801,27964
"1100",11,1000,3.91,808,152,3.90835990731607,87178
"1101",13,1000,4.31,65,43,4.10118286445013,6256
"1102",8,10000,4.28,3345,11,4.25851554365611,20169
"1103",13,10000,3.9,1184,11,4.30838593327322,9981
"1104",5.83,100,4.36,22,5,3.95283612844142,17471
"1105",8,100,3.44,63,7,3.77265415549598,5595
"1106",2.81,50,3.64,14,33,4.10596705421841,42919
"1107",2,10000,4.36,2942,26,4.18984389872454,21012
"1108",5.84,100,4.04,24,5,3.95681098204857,9470
"1109",16,50,4,2,14,4.43421482206987,3063
"1110",7,100,2.9,10,26,3.1875,32
"1111",6,5000,3.82,1442,38,4.15765904879555,6476
"1112",9,1000,3.29,99,8,4.08089077364417,88193
"1113",2.66,100,5,1,9,4.43777043433809,54773
"1114",6,1000,4.28,134,47,3.86231380720846,25914
"1115",16,100,4.15,61,33,3.99671457905544,2435
"1116",8,1000,3.98,217,14,4.03947368421053,7676
"1117",5.8,20000,3.47,2407,43,3.96237623762376,21210
"1118",9,10,5,0,10,3.69072164948454,291
"1119",7,100,4.09,57,6,4.34265964450296,3038
"1120",12,1000,3.64,50,11,3.79744816586922,3762
"1121",2.89,50,5,1,7,3.73333333333333,30
"1122",8,50,4.67,6,56,3.87234042553191,47
"1123",9,100,3.71,51,8,4.07021384071393,5939
"1124",5.67,1000,3.51,245,6,4.02769772654499,6246
"1125",6,1000,3.26,255,13,4.18158810503005,3161
"1126",11,100,3.58,19,85,4.23538180598517,26833
"1127",8,10000,4.14,2182,7,4.24371222460519,10258
"1128",7,8,5,0,31,3.9491592296853,53225
"1129",14,100,4.23,61,85,3.9813366374971,12913
"1130",14,1000,4.04,475,12,4.00720966484801,10264
"1131",8,10000,4.13,2396,7,4.16290093221678,6329
"1132",2,100,4.15,34,2,4.22096774193548,620
"1133",8,1000,3.09,65,30,4.07987443320544,2867
"1134",2,100,3.9,58,25,3.61077844311377,167
"1135",2,100,2.92,12,2,3.97540983606557,366
"1136",9,1000,3.03,124,8,4.05718540580789,6715
"1137",3,100,4.29,58,3,3.88380952380952,1050
"1138",9,20000,4.14,5232,8,4.15303099361896,8776
"1139",11,100,3.61,18,84,3.8551724137931,435
"1140",4,1000,3.51,550,4,4.22284644194757,13884
"1141",11,1000,3.66,129,22,3.76804619826757,2078
"1142",4,100,4.13,24,4,3.93722659667542,4572
"1143",4.9,100,3.96,25,5,3.88553776857995,32858
"1144",9,1000,3.85,183,8,3.96806105144149,7076
"1145",12,100,3.65,26,43,4.11058823529412,425
"1146",7,1000,3.28,179,30,4.38209174311927,13625
"1147",7,1000,3.73,237,8,4.10232094207322,67171
"1148",1.85,100,3.9,97,11,3.83793694273772,91631
"1149",12,100,5,0,11,4.5,6
"1150",12,20000,4.04,2748,110,4.19020876571847,8191
"1151",5.88,20000,4.07,6450,9,4.31900195058518,12304
"1152",15,1000,4.23,483,102,4.23538180598517,26833
"1153",8,20000,4.39,5254,75,4.44753683583867,6719
"1154",9,10000,4.2,2749,8,3.96752014521053,36361
"1155",9,50,3,2,8,3.7741935483871,62
"1156",8,100,3.38,94,9,4.00524722502523,4955
"1157",7,10,5,0,7,4.06217616580311,193
"1158",6,100,3.3,102,6,4.21777092963534,5841
"1159",4.7,100,3.87,15,19,4.19208487471208,14327
"1160",6,1000,3.67,258,7,3.95009310986965,2685
"1161",4.93,100,3.77,47,6,3.89967327625056,17752
"1162",3,1000,3.94,426,3,4.28361113655097,43676
"1163",8,5000,3.94,787,17,4.0462962962963,2700
"1164",2,5000,3.87,320,2,3.96598639455782,1029
"1165",8,10000,4.14,2360,47,4.16650928548946,139788
"1166",14,10000,3.65,3574,12,4.22379233067729,16064
"1167",15,1000,3.87,546,68,4.18405904059041,6775
"1168",8,5000,4.23,870,7,4.25126050420168,2380
"1169",5.67,100000,3.53,18393,19,3.88913133832086,19248
"1170",14,5000,4.22,686,84,4.26079170011733,32386
"1171",7,1000,3.36,130,43,3.98499480017828,6731
"1172",9,20000,3.94,4304,8,4.07988557503841,18877
"1173",11,100,5,1,26,4.14070236039148,8685
"1174",16,10,3,3,14,3.54838709677419,31
"1175",6,100,3.31,36,7,4.16762767710049,4856
"1176",12,1000,3.36,230,17,4.16058791507893,1837
"1177",16,100,3.28,18,14,3.98224195338513,901
"1178",12,1000,4.21,103,17,3.91034280691474,20478
"1179",13,100,3.48,121,68,4.19492228552464,18079
"1180",11,10000,3.75,1717,10,4.23588661100577,190918
"1181",11,5000,3.91,1433,38,4.26789081885856,30225
"1182",3.71,1000,3.45,181,6,4.07916278105896,9651
"1183",6,1000,3.8,245,9,4.10634252342795,7363
"1184",6,5000,3.89,1229,6,4.07420278004906,14676
"1185",12,5000,3.28,701,16,3.89724310776942,3990
"1186",2,50000,4.01,7575,2,4.16507925427249,229199
"1187",5,100,5,0,5,4.12286689419795,1172
"1188",5,5000,3.3,1013,5,4.29733530717987,13510
"1189",4.66,50000,4.01,10122,11,4.21647653394176,203805
"1190",8,100,4,17,22,4.0496402767338,65189
"1191",9,100,5,0,9,4.20372535645848,246312
"1192",8,1000,3.95,63,9,3.94942161298188,36913
"1193",16,10,5,0,14,4.46601941747573,1442
"1194",5,1000,4.1,166,5,4.35681932561651,13909
"1195",6,10000,4,1244,6,3.9657006320333,12974
"1196",18,10,2.67,6,59,4.50147203140334,2038
"1197",8,20000,3.8,9330,7,4.03831969818999,70773
"1198",11,100,3.8,10,10,3.94331983805668,247
"1199",5,10000,4.19,494,25,3.86538461538462,4524
"1200",5,100,4.08,12,10,4.25228915662651,4150
"1201",26,100,4.15,20,168,3.85496183206107,131
"1202",6,100,3.83,18,6,3.77586206896552,116
"1203",5.78,100,3.71,28,9,3.91735341899276,33855
"1204",5,20000,4.13,2409,7,4.08089077364417,88193
"1205",5.73,100,3.86,7,5,4.15593220338983,885
"1206",3.83,10000,3.64,1773,4,3.88454364585924,32168
"1207",7,100,3.69,71,6,3.86690291742212,12134
"1208",15,100,4.11,56,13,4.03047091412742,2166
"1209",3.92,20000,3.76,4367,4,4.13888538532226,55499
"1210",11,100,3.43,14,20,4.17467948717949,3120
"1211",6,10,4.75,4,6,3.95861799726723,5123
"1212",2.65,20000,3.4,3443,3,4.32058745699921,68022
"1213",3.71,100,3.44,16,4,4.04517020066618,12309
"1214",13,100,3.78,37,26,3.86399217221135,1022
"1215",12,1000,3.59,181,11,3.81965881397238,4924
"1216",13,20000,3.91,12041,252,4.0971194848142,45964
"1217",12,5000,4.09,529,168,4.38569196276921,73595
"1218",5.69,5000,4.31,922,17,4.13840464870576,9465
"1219",6,10000,3.79,1010,8,4.07379278012189,10665
"1220",11,1000,4.1,413,10,4.38020310233233,17922
"1221",5,100,3.75,20,5,3.85849983622666,3053
"1222",7,1000,3.19,245,6,4.01295364522,9341
"1223",11,5000,3.56,402,10,3.88007186704596,20037
"1224",5.65,100,2.86,7,10,3.89967327625056,17752
"1225",5.85,10000,3.55,1004,5,3.93820071096527,7314
"1226",8,100,4.11,19,85,4.23192853246045,14664
"1227",6,5000,4.13,616,6,4.04055454781031,15436
"1228",11,100,3.96,115,10,3.87091787439614,5175
"1229",14,5000,4.12,437,26,4.10995260663507,4220
"1230",3.68,100,3.71,42,4,3.78960148550207,105015
"1231",18,100,3.56,120,76,4.27430167597765,8950
"1232",5,1000,3.32,395,22,3.58283013914413,3809
"1233",7,100,4.24,50,14,4.14396551724138,1160
"1234",8,5000,4.14,1366,65,4.06372454859777,20824
"1235",16,50,3.72,18,14,4.32298474945534,5508
"1236",5.74,5000,3.9,1179,5,4.09490467352792,11854
"1237",8,10000,3.71,2747,7,4.0496402767338,65189
"1238",8,20000,3.63,2058,7,4.0496402767338,65189
"1239",3,100,3.9,51,14,4.11005854177754,9395
"1240",2.89,50,5,1,7,3.73333333333333,30
"1241",2,1000,3.32,121,6,4.11970534069982,543
"1242",9,1000,3.7,162,65,3.96471983397569,3373
"1243",9,100,5,0,9,4.20372535645848,246312
"1244",11,5000,4.03,756,10,3.87200997619318,8821
"1245",9,1000,4.2,300,9,3.59008258431749,82219
"1246",4.81,100,5,0,5,4.33333333333333,6
"1247",8,50,3.8,5,10,3.7906976744186,129
"1248",8,10000,4.17,1910,140,4.16780487804878,2050
"1249",5,1000,2.98,102,5,3.90494186046512,10320
"1250",6,1000,3.98,330,6,4.3515406162465,1428
"1251",13,1000,4.14,582,11,4.16290093221678,6329
"1252",2.89,50,5,1,7,3.73333333333333,30
"1253",11,1000,3.97,212,10,3.93186003683241,543
"1254",5,1000,4.13,103,5,3.88454364585924,32168
"1255",7,100,3.6,25,6,4.15527950310559,483
"1256",9,1000,4.24,192,8,4.29848866498741,794
"1257",12,100,3.6,30,11,3.78960148550207,105015
"1258",5.75,1000,3.67,117,25,4.20963172804533,706
"1259",11,100,2.92,12,16,3.66666666666667,18
"1260",11,1000,4.15,674,102,4.19020876571847,8191
"1261",11,100,4.39,23,47,4.36098374322634,7197
"1262",7,100,3.83,18,6,3.82666666666667,75
"1263",1.72,100,3.77,30,2,3.88454364585924,32168
"1264",2.9,100,3.89,19,3,4.19018404907975,163
"1265",8,10000,3.95,903,9,3.92887966129295,24564
"1266",2.81,50,3.64,14,33,4.10596705421841,42919
"1267",2,100,4.15,34,2,4.22096774193548,620
"1268",8,100,4.2,10,7,3.93181818181818,88
"1269",5.86,1000,4.06,223,59,4.07988557503841,18877
"1270",11,1000,3.95,596,26,3.99981929887965,5534
"1271",2.67,10,5,0,67,3.69230769230769,13
"1272",11,10000,4.05,1479,10,3.93638239339752,5816
"1273",13,5000,3.79,1095,68,4.23669052908747,24306
"1274",5.65,100,2.86,7,10,3.89967327625056,17752
"1275",8,100,4.04,139,7,4.27799136916438,12745
"1276",14,1000,4.18,197,102,4.17372311827957,17856
"1277",11,1000,3.38,37,60,3.9601706970128,703
"1278",7,10000,3.98,2159,23,4.29389964858757,213709
"1279",11,10000,3.86,2102,10,4.02562307476897,14284
"1280",9,1000,3.92,317,31,4.16598284222305,8043
"1281",8,10000,4.19,3679,84,4.18781361119027,80713
"1282",8,100,4.39,23,7,3.89719626168224,107
"1283",11,100,3.65,31,84,4.03464507625683,5311
"1284",15,50,4.4,10,13,3.67647058823529,34
"1285",16,100,3.44,27,14,3.36713286713287,572
"1286",5,5000,2.94,667,5,4.23032036613272,8740
"1287",13,100,4.11,47,85,3.87816699713593,9078
"1288",20,100,3.2,60,17,3.25,64
"1289",16,100,3.73,89,14,3.94679091563424,130598
"1290",1,100,3.56,52,10,3.83793694273772,91631
"1291",9,20000,3.31,3344,14,3.90254772046064,25356
"1292",14,1000,4.26,429,12,4.223259762309,1178
"1293",6,6,5,0,17,4.0496402767338,65189
"1294",7,100,2.75,4,6,3.90853542104258,10474
"1295",11,5000,3.91,487,10,4.14656882189607,5042
"1296",1.72,100,3.77,30,2,3.88454364585924,32168
"1297",5.67,20000,3.63,7242,5,4.10375981387862,839882
"1298",6,100,3.31,13,8,3.98378378378378,3515
"1299",6,100,4.31,13,7,4.00154626913012,25222
"1300",12,100,4.11,75,102,4.22726098191214,7740
"1301",11,100,3.61,28,59,4.18473164928976,14291
"1302",12,50,4.17,18,17,4.38529456749955,71919
"1303",11,1000,3.58,483,10,4.13246385920805,6364
"1304",8,1000,3.76,843,7,4.25687325256291,25752
"1305",5,100,3.7,10,24,3.93948159491804,35262
"1306",4,100,4.5,2,4,4.18913926856299,2707
"1307",11,10000,3.28,2521,43,4.11527544832925,15502
"1308",12,50,4.24,17,11,3.83981866263695,2647
"1309",11,5000,3.26,692,17,3.84306418219462,4830
"1310",8,50,3.88,8,7,3.73652694610778,334
"1311",7,10000,3.85,1193,7,4.17944544229906,17816
"1312",8,100,3.87,91,11,4.04006229990482,11557
"1313",1.88,100,4.46,26,25,4.00728332119446,1373
"1314",11,1000,4.32,269,10,4.19455414674704,4811
"1315",9,100,3.55,33,135,4.0489939637827,9940
"1316",3.88,10000,3.66,585,5,4.01815713558459,35358
"1317",11,1000,2.99,228,11,4.03286474164134,5264
"1318",8,100,2.81,21,11,3.58064516129032,31
"1319",5.65,1000,3.96,164,6,4.04517020066618,12309
"1320",8,100,3.97,29,65,3.88284518828452,239
"1321",2,10,4.8,5,2,3.66666666666667,42
"1322",12,1000,4.25,215,13,4.08496948792783,15076
"1323",1.66,100,3.75,20,2,3.94331983805668,247
"1324",7,1000,3.27,601,6,3.96538759921227,16757
"1325",8,1000,3.12,341,20,3.95316874522779,7858
"1326",9,1000,4.03,248,8,3.90650406504065,1722
"1327",8,1000,3.69,294,7,3.76613885505481,821
"1328",14,1000,4.38,425,107,3.96603495860166,27175
"1329",8,1000,4.39,574,13,4.14656882189607,5042
"1330",11,10000,3.98,397,43,3.92800945466824,29615
"1331",19,100,4.33,61,17,4.23408624229979,487
"1332",7,50,4,4,6,4.35294117647059,34
"1333",8,10000,3.61,2187,8,4.03831969818999,70773
"1334",11,1000,3.69,113,10,3.89593727726301,1403
"1335",12,1000,4.1,534,93,4.24131274131274,15540
"1336",2,100,3.67,12,9,3.8018018018018,111
"1337",8,100,3.37,19,7,3.96533732967002,36033
"1338",8,100,4.05,114,59,3.76623376623377,231
"1339",5,100,4.08,13,9,3.89142132369898,26018
"1340",5,100,4.07,30,48,4.08977573160726,43876
"1341",13,100,3.74,54,34,3.98799019607843,4080
"1342",2,5000,3.91,239,7,4.09983079526227,591
"1343",8,100,4.01,79,48,3.85496183206107,131
"1344",5.86,100,4.55,76,5,4.36458333333333,96
"1345",7,5000,3.81,192,34,4.01381287464165,15348
"1346",2,10,4.8,5,2,3.66666666666667,42
"1347",1.68,100,3.67,12,2,3.95606494746896,1047
"1348",8,100,4.07,58,10,4.04065040650407,123
"1349",8,100,2,2,7,4.07420278004906,14676
"1350",8,1000,3.88,161,252,3.95081190798376,14780
"1351",12,1000,3.7,647,11,3.95283612844142,17471
"1352",2,100,3.1,30,4,3.42253521126761,71
"1353",11,1000,3.63,118,83,3.70287539936102,626
"1354",8,10000,4.14,2604,7,4.07709530561982,13399
"1355",16,100,3.93,46,50,4.3106662591687,19632
"1356",8,8,5,0,68,3.91693290734824,626
"1357",9,5000,4.41,1153,8,4.13888538532226,55499
"1358",11,5000,4.11,377,38,4.17109634551495,602
"1359",8,5000,3.71,346,7,3.85849983622666,3053
"1360",8,5000,4.26,1057,50,3.86384484340191,7631
"1361",11,10000,3.65,2422,10,4.3104329907398,78616
"1362",11,50,4,7,85,3.71428571428571,21
"1363",17,1000,4.18,479,75,4.18082879866053,4778
"1364",7,10,1.5,2,68,3.85894206549118,397
"1365",2.8,1000,3.4,78,3,4.01873536299766,1281
"1366",8,50,3.43,7,7,3.97991967871486,249
"1367",5.89,100,4.15,48,5,3.99333333333333,150
"1368",8,1000,3.4,94,7,4.023291043363,5281
"1369",1,100,3.17,6,1,4.16666666666667,30
"1370",8,100,3.86,28,7,4.39032620922385,889
"1371",16,10000,3.87,770,14,4.06632640105635,39381
"1372",1.66,1000,4.21,33,2,4.39320675382695,15221
"1373",6,100,3.4,5,6,3.625,112
"1374",2.71,100,4.33,12,3,4.11458333333333,576
"1375",8,10000,3.7,2441,7,4.06632640105635,39381
"1376",16,5000,4.28,1612,34,4.23090311182634,228676
"1377",5,1000,3.85,279,5,4.04378046578805,11078
"1378",11,5000,4.04,1571,26,4.46535091414609,47476
"1379",6,1000,3.68,895,6,3.99560570071259,25260
"1380",4.88,1000,4,16,25,3.94679091563424,130598
"1381",16,20000,4.27,2859,14,4.38741406663141,18910
"1382",11,1000,3.43,70,75,3.68269230769231,104
"1383",6,1000,3.41,106,34,4.00293542074364,2044
"1384",5,1000,3.64,44,25,3.87073467343873,13979
"1385",6,10000,4.06,1496,10,4.18821534548537,2359
"1386",6,1000,3.15,170,6,4.19760956175299,2510
"1387",14,10000,4.26,2107,139,4.19345661450925,20387
"1388",6,10,2.33,3,33,3.9246774093968,32394
"1389",9,100,4.18,34,17,4.1301867219917,1928
"1390",5,5000,4.1,478,5,4.08967719049308,14095
"1391",7,20000,4.22,2019,6,4.16480414068933,8501
"1392",9,100,4.4,15,11,3.92800945466824,29615
"1393",15,1000,3.5,497,13,4.22870082083215,3533
"1394",7,1000,3.75,68,6,3.93051359516616,331
"1395",13,1000,3.97,289,11,4.06027864657378,7034
"1396",7,100,3.89,27,17,4,88
"1397",4,5000,4.19,999,4,4.30112048545498,225438
"1398",8,1000,3.61,233,7,3.88553776857995,32858
"1399",14,1000,3.27,130,84,4.15075630252101,11900
"1400",8,1000,4.12,155,31,3.80996642516346,28295
"1401",4,5000,4.3,825,26,4.39831043739144,12666
"1402",1.68,100,3.67,12,2,3.95606494746896,1047
"1403",11,10000,4.16,1780,10,4.10902449063593,19436
"1404",6,100,5,2,6,4.03571428571429,28
"1405",5.85,100,3.67,45,43,4.34077079107505,1972
"1406",5.69,1000,3.74,76,10,4.07453416149068,161
"1407",5.71,20000,3.9,4657,84,4.19745869996718,127966
"1408",9,1000,4.3,420,84,4.24619228938601,8404
"1409",12,5000,3.6,518,11,4.12394301820675,13127
"1410",5,20000,4.19,7773,5,4.26000584282793,10269
"1411",9,100,4.5,8,8,3.94522378089512,5988
"1412",8,100,4.05,114,59,3.76623376623377,231
"1413",9,5000,3.75,1017,13,4.05849936413735,2359
"1414",7,1000,3.74,54,13,3.94942161298188,36913
"1415",7,100,3.36,11,6,3.85193013683391,8989
"1416",15,1000,3.88,854,13,3.89369385238682,11354
"1417",8,10000,3.98,1612,8,3.93948159491804,35262
"1418",8,10,4.5,2,7,4.32646328566831,173992
"1419",16,10000,4.25,1524,108,4.20129848510072,90105
"1420",8,5000,4.47,1038,42,4.27486594014876,5781
"1421",9,5000,4.08,1052,8,4.10884906013864,16013
"1422",8,5000,4.3,830,7,4.28967391304348,9200
"1423",9,5000,4.08,1336,8,4.04476919508235,12933
"1424",11,5000,3.56,402,10,3.88007186704596,20037
"1425",3.65,20000,3.93,4215,4,4.1964989059081,4570
"1426",4.67,100,2.88,82,4,4.07936507936508,7497
"1427",11,1000,4.23,474,76,3.91735341899276,33855
"1428",8,1000,3.41,64,7,3.4755838641189,942
"1429",8,1000,4.22,117,9,4.02043470963411,23832
"1430",8,5000,3.6,983,7,4.1310709205446,4921
"1431",12,100,1,1,11,3,3
"1432",8,20000,3.92,3080,7,4.09490467352792,11854
"1433",6,1000,4.45,47,22,3.85517328611181,15812
"1434",8,50,5,2,10,3.8740157480315,127
"1435",2.69,100,5,1,3,4.2477140482128,7218
"1436",1.67,100,3.59,32,2,3.96756756756757,185
"1437",8,100,3,11,7,4.48439667128988,5768
"1438",6,100,3,4,11,4.03286474164134,5264
"1439",8,5000,3.66,581,7,4.00222681724193,12574
"1440",9,5000,3.8,501,8,4.13672316384181,11505
"1441",3,5000,4.17,788,17,4.30398472918158,4191
"1442",3,100,3.63,8,3,4.05616942909761,1086
"1443",2.71,100,4.33,12,3,4.11458333333333,576
"1444",1,50,3.75,4,8,4.17021276595745,47
"1445",11,100,3.96,98,10,4.2767258382643,5070
"1446",6,50,4,4,7,4.16650928548946,139788
"1447",16,100,3.41,27,84,4.0489939637827,9940
"1448",5,5000,3.76,669,5,3.88454364585924,32168
"1449",11,100,2.77,26,10,3.54545454545455,99
"1450",2.72,1000,3.63,116,17,4.17942474916388,37375
"1451",7,1000,4.02,636,7,4.01815713558459,35358
"1452",3.81,1000,3.48,101,4,3.98320158102767,1012
"1453",11,100,4.14,37,10,3.97073070184479,9703
"1454",6,100,3.99,160,6,4.15303099361896,8776
"1455",9,100,3.14,28,34,3.53464673913043,1472
"1456",5,100,4.07,30,48,4.08977573160726,43876
"1457",8,10000,4.3,1858,8,3.99471804416721,19879
"1458",8,100,3.78,45,59,3.87135880592908,58154
"1459",13,100,3.74,54,34,3.98799019607843,4080
"1460",11,100,4.39,23,47,4.36098374322634,7197
"1461",15,5000,3.73,1072,13,3.81863457148786,24095
"1462",11,100,4,29,10,3.92887966129295,24564
"1463",2.81,100,3.5,8,3,4.14695734747171,126370
"1464",6,5000,4.24,1650,17,4.15599639314698,13308
"1465",5.66,1000,4.21,217,5,4.05397179669271,9857
"1466",6,10000,3.75,1238,7,4.05523110295345,5993
"1467",8,50000,3.6,18463,84,3.96826880024918,51369
"1468",7,10000,4.19,1378,9,4.10596705421841,42919
"1469",14,100,5,0,50,3.87204438377879,22711
"1470",1.84,100,3.68,38,2,3.99173553719008,484
"1471",8,1000,4.05,152,7,3.89270386266094,466
"1472",9,10000,4.03,3024,8,4.20861466821886,4295
"1473",7,100,4.46,52,22,4.23647112323784,2199
"1474",5,100,4.67,6,9,4.48663101604278,2805
"1475",3.72,1000,4.29,178,11,4.35017637230027,32318
"1476",3.81,5000,3.74,1444,59,3.93358137664035,139223
"1477",4.93,1000,3.36,83,5,3.86754716981132,10600
"1478",11,10000,4.05,1479,10,3.93638239339752,5816
"1479",6,1000,3.68,895,6,3.99560570071259,25260
"1480",7,50,3,2,33,4.00154626913012,25222
"1481",16,5000,3.34,687,14,3.8535759627592,2363
"1482",8,8,5,0,68,3.91693290734824,626
"1483",9,1000,4.07,201,8,4.15191613679326,5819
"1484",8,100,4.6,10,22,4.23809523809524,63
"1485",8,10000,3.82,1715,11,4.24067658447116,4907
"1486",5,100,3.67,6,41,4.01381287464165,15348
"1487",5,5000,3.51,747,8,4.06953576409643,5019
"1488",14,1000,3.73,445,51,4.01406317611424,4622
"1489",14,1,5,0,14,3.95590828924162,1134
"1490",2.8,100,3.17,6,3,4.25810663764962,4595
"1491",8,10000,3.96,1559,108,4.22460496613995,5316
"1492",11,10,3.33,3,168,3.91489361702128,47
"1493",9,5000,3.47,593,8,3.98132894014278,1821
"1494",8,10000,3.62,2069,7,3.90121605863735,12006
"1495",16,100,3.67,9,88,4.04448164534258,16726
"1496",6,100,3,4,11,4.03286474164134,5264
"1497",7,10000,3.88,2427,6,3.88454364585924,32168
"1498",3.66,20000,4.48,5882,4,4.46230243379734,100789
"1499",7,5000,4.02,1046,50,3.96752014521053,36361
"1500",6,1000,3.61,613,76,4.03037727895458,37956
"1501",4.81,10000,3.84,903,5,3.99865111826647,45964
"1502",8,1000,3.52,118,7,4.10947712418301,612
"1503",8,20000,4.17,3090,7,4.14685729947013,21892
"1504",14,5000,3.94,1863,12,4.10577766637423,31916
"1505",4.67,10000,3.92,2151,4,4.2646585018278,96838
"1506",1.8,1000,4.2,15,2,4.07964375589808,50864
"1507",5.9,5000,3.5,425,5,4.25420795972943,6357
"1508",5,1000,4.64,377,5,4.42252066115702,2904
"1509",12,20000,4.15,5351,11,4.11164702835686,30892
"1510",5,20000,4.07,7753,5,4.28361113655097,43676
"1511",14,1000,4.05,167,43,3.87204438377879,22711
"1512",12,20000,4.17,2477,76,4.12792106060008,151914
"1513",5.84,100,4.04,24,5,3.95681098204857,9470
"1514",13,100,3.22,9,11,3.8018018018018,111
"1515",6,10000,3.96,661,6,4.08967719049308,14095
"1516",9,5000,4.11,283,51,4.00669222029391,80093
"1517",15,20000,4.34,3845,13,4.38741406663141,18910
"1518",8,100,3.5,6,10,3.78632478632479,117
"1519",7,1000,3.67,214,7,4.06236080178174,3592
"1520",8,5000,3.99,219,7,4.04517020066618,12309
"1521",2,100,2.44,9,2,4.0353604689993,26951
"1522",8,1000,3.84,153,11,4.26002673796791,2992
"1523",11,100,3.73,26,49,4.14396551724138,1160
"1524",8,1000,3.5,558,7,4.21695402298851,8352
"1525",2.69,1000,3.32,74,3,3.95854922279793,193
"1526",6,5000,3.71,615,29,4.06906906906907,1998
"1527",8,1000,3.52,118,7,4.10947712418301,612
"1528",5.83,100,3.19,52,64,4.11834918065952,4943
"1529",11,100,4.67,3,17,3.70758405003909,1279
"1530",11,1000,4.34,101,10,4.16500076417545,32715
"1531",14,1000,3.7,511,12,4.05688825069685,47356
"1532",27,50,4.25,12,23,3.93734335839599,399
"1533",4,10,5,0,4,4.25420795972943,6357
"1534",16,10000,3.74,3079,14,4.3104329907398,78616
"1535",11,20000,4.14,5759,18,4.21886629732745,320031
"1536",8,20000,3.61,5756,30,4.10512747452545,73701
"1537",5.77,100,2.9,62,9,4.00293542074364,2044
"1538",11,10000,3.96,666,12,4.12246648793566,9325
"1539",9,1000,3.72,489,8,3.99758976270344,40245
"1540",12,1000,3.94,841,11,4.03286474164134,5264
"1541",5.87,1000,3.91,209,11,4.39130434782609,6187
"1542",7,100,3.7,46,84,3.77946768060837,263
"1543",8,1000,3.97,200,7,3.87091787439614,5175
"1544",7,1000,4.2,107,6,3.94331983805668,247
"1545",8,100,3.83,6,7,3.54502369668246,211
"1546",9,5000,4.28,1120,8,3.92887966129295,24564
"1547",8,1000,3.4,62,7,3.82926829268293,738
"1548",2.71,100,3.4,20,6,3.79744816586922,3762
"1549",12,10000,4.11,2404,87,4.20129848510072,90105
"1550",13,1000,3.99,326,72,4.42043795620438,1370
"1551",3,5000,3.2,1166,3,4.22284644194757,13884
"1552",7,100,3.67,18,6,4.04517020066618,12309
"1553",5,5000,3.2,1185,5,3.88454364585924,32168
"1554",6,100,3.4,5,6,3.625,112
"1555",12,5000,3.68,781,11,3.77663671373556,779
"1556",8,50,4,8,7,4.12790188348664,2283
"1557",7,1000,3.98,129,6,4.27707808564232,794
"1558",9,20000,3.55,7088,76,3.96826880024918,51369
"1559",13,10000,4.12,2901,11,4.14784167701007,14502
"1560",16,100,4.05,82,14,4.21789883268483,514
"1561",7,5000,3.5,774,25,4.19289383561644,11680
"1562",3.87,1000,3.68,62,4,3.62641509433962,265
"1563",4.93,100,3.77,47,6,3.89967327625056,17752
"1564",15,100,3.51,74,92,4.12792106060008,151914
"1565",5.91,1000,3.38,414,5,3.86690291742212,12134
"1566",3,100,3.79,57,8,3.98799019607843,4080
"1567",11,100,3.54,28,134,4.07165109034268,1926
"1568",8,20000,4.25,3127,7,4.15503183955246,16803
"1569",6,10000,4.08,1367,9,4.22460496613995,5316
"1570",2,100,3.07,28,56,3.69605411499436,4435
"1571",5,100,3.71,59,19,3.96190476190476,210
"1572",13,100,2.5,2,11,3.7741935483871,31
"1573",7,100,4.07,14,6,4.23593905738289,7023
